series,ref_period,ref_end,freq,value,available_from,fetched
building_approvals,1983-07,1983-07-31,M,10803.0,1983-09-07,2026-10-01
building_approvals,1983-08,1983-08-31,M,11627.0,1983-10-08,2026-10-01
building_approvals,1983-09,1983-09-30,M,12125.0,1983-11-07,2026-10-01
building_approvals,1983-10,1983-10-31,M,12546.0,1983-12-08,2026-10-01
building_approvals,1983-11,1983-11-30,M,11941.0,1984-01-07,2026-10-01
building_approvals,1983-12,1983-12-31,M,12910.0,1984-02-07,2026-10-01
building_approvals,1984-01,1984-01-31,M,11928.0,1984-03-09,2026-10-01
building_approvals,1984-02,1984-02-29,M,13457.0,1984-04-07,2026-10-01
building_approvals,1984-03,1984-03-31,M,14002.0,1984-05-08,2026-10-01
building_approvals,1984-04,1984-04-30,M,13499.0,1984-06-07,2026-10-01
building_approvals,1984-05,1984-05-31,M,14244.0,1984-07-08,2026-10-01
building_approvals,1984-06,1984-06-30,M,13253.0,1984-08-07,2026-10-01
building_approvals,1984-07,1984-07-31,M,13608.0,1984-09-07,2026-10-01
building_approvals,1984-08,1984-08-31,M,14024.0,1984-10-08,2026-10-01
building_approvals,1984-09,1984-09-30,M,12968.0,1984-11-07,2026-10-01
building_approvals,1984-10,1984-10-31,M,13156.0,1984-12-08,2026-10-01
building_approvals,1984-11,1984-11-30,M,13634.0,1985-01-07,2026-10-01
building_approvals,1984-12,1984-12-31,M,13175.0,1985-02-07,2026-10-01
building_approvals,1985-01,1985-01-31,M,12853.0,1985-03-10,2026-10-01
building_approvals,1985-02,1985-02-28,M,13417.0,1985-04-07,2026-10-01
building_approvals,1985-03,1985-03-31,M,13978.0,1985-05-08,2026-10-01
building_approvals,1985-04,1985-04-30,M,14506.0,1985-06-07,2026-10-01
building_approvals,1985-05,1985-05-31,M,13327.0,1985-07-08,2026-10-01
building_approvals,1985-06,1985-06-30,M,13703.0,1985-08-07,2026-10-01
building_approvals,1985-07,1985-07-31,M,13057.0,1985-09-07,2026-10-01
building_approvals,1985-08,1985-08-31,M,13741.0,1985-10-08,2026-10-01
building_approvals,1985-09,1985-09-30,M,13033.0,1985-11-07,2026-10-01
building_approvals,1985-10,1985-10-31,M,13788.0,1985-12-08,2026-10-01
building_approvals,1985-11,1985-11-30,M,12185.0,1986-01-07,2026-10-01
building_approvals,1985-12,1985-12-31,M,11435.0,1986-02-07,2026-10-01
building_approvals,1986-01,1986-01-31,M,11485.0,1986-03-10,2026-10-01
building_approvals,1986-02,1986-02-28,M,10965.0,1986-04-07,2026-10-01
building_approvals,1986-03,1986-03-31,M,10641.0,1986-05-08,2026-10-01
building_approvals,1986-04,1986-04-30,M,10100.0,1986-06-07,2026-10-01
building_approvals,1986-05,1986-05-31,M,9934.0,1986-07-08,2026-10-01
building_approvals,1986-06,1986-06-30,M,11121.0,1986-08-07,2026-10-01
building_approvals,1986-07,1986-07-31,M,11152.0,1986-09-07,2026-10-01
building_approvals,1986-08,1986-08-31,M,10113.0,1986-10-08,2026-10-01
building_approvals,1986-09,1986-09-30,M,10165.0,1986-11-07,2026-10-01
building_approvals,1986-10,1986-10-31,M,10124.0,1986-12-08,2026-10-01
building_approvals,1986-11,1986-11-30,M,10267.0,1987-01-07,2026-10-01
building_approvals,1986-12,1986-12-31,M,10242.0,1987-02-07,2026-10-01
building_approvals,1987-01,1987-01-31,M,9481.0,1987-03-10,2026-10-01
building_approvals,1987-02,1987-02-28,M,10097.0,1987-04-07,2026-10-01
building_approvals,1987-03,1987-03-31,M,10163.0,1987-05-08,2026-10-01
building_approvals,1987-04,1987-04-30,M,9572.0,1987-06-07,2026-10-01
building_approvals,1987-05,1987-05-31,M,10319.0,1987-07-08,2026-10-01
building_approvals,1987-06,1987-06-30,M,10400.0,1987-08-07,2026-10-01
building_approvals,1987-07,1987-07-31,M,10646.0,1987-09-07,2026-10-01
building_approvals,1987-08,1987-08-31,M,10884.0,1987-10-08,2026-10-01
building_approvals,1987-09,1987-09-30,M,11180.0,1987-11-07,2026-10-01
building_approvals,1987-10,1987-10-31,M,11790.0,1987-12-08,2026-10-01
building_approvals,1987-11,1987-11-30,M,12460.0,1988-01-07,2026-10-01
building_approvals,1987-12,1987-12-31,M,12242.0,1988-02-07,2026-10-01
building_approvals,1988-01,1988-01-31,M,12792.0,1988-03-09,2026-10-01
building_approvals,1988-02,1988-02-29,M,13573.0,1988-04-07,2026-10-01
building_approvals,1988-03,1988-03-31,M,13493.0,1988-05-08,2026-10-01
building_approvals,1988-04,1988-04-30,M,13873.0,1988-06-07,2026-10-01
building_approvals,1988-05,1988-05-31,M,14383.0,1988-07-08,2026-10-01
building_approvals,1988-06,1988-06-30,M,15149.0,1988-08-07,2026-10-01
building_approvals,1988-07,1988-07-31,M,15457.0,1988-09-07,2026-10-01
building_approvals,1988-08,1988-08-31,M,17071.0,1988-10-08,2026-10-01
building_approvals,1988-09,1988-09-30,M,16443.0,1988-11-07,2026-10-01
building_approvals,1988-10,1988-10-31,M,15817.0,1988-12-08,2026-10-01
building_approvals,1988-11,1988-11-30,M,16281.0,1989-01-07,2026-10-01
building_approvals,1988-12,1988-12-31,M,15190.0,1989-02-07,2026-10-01
building_approvals,1989-01,1989-01-31,M,14799.0,1989-03-10,2026-10-01
building_approvals,1989-02,1989-02-28,M,16035.0,1989-04-07,2026-10-01
building_approvals,1989-03,1989-03-31,M,15634.0,1989-05-08,2026-10-01
building_approvals,1989-04,1989-04-30,M,15731.0,1989-06-07,2026-10-01
building_approvals,1989-05,1989-05-31,M,15514.0,1989-07-08,2026-10-01
building_approvals,1989-06,1989-06-30,M,14518.0,1989-08-07,2026-10-01
building_approvals,1989-07,1989-07-31,M,12455.0,1989-09-07,2026-10-01
building_approvals,1989-08,1989-08-31,M,12575.0,1989-10-08,2026-10-01
building_approvals,1989-09,1989-09-30,M,12710.0,1989-11-07,2026-10-01
building_approvals,1989-10,1989-10-31,M,12404.0,1989-12-08,2026-10-01
building_approvals,1989-11,1989-11-30,M,12582.0,1990-01-07,2026-10-01
building_approvals,1989-12,1989-12-31,M,11052.0,1990-02-07,2026-10-01
building_approvals,1990-01,1990-01-31,M,11007.0,1990-03-10,2026-10-01
building_approvals,1990-02,1990-02-28,M,12199.0,1990-04-07,2026-10-01
building_approvals,1990-03,1990-03-31,M,11898.0,1990-05-08,2026-10-01
building_approvals,1990-04,1990-04-30,M,10930.0,1990-06-07,2026-10-01
building_approvals,1990-05,1990-05-31,M,11618.0,1990-07-08,2026-10-01
building_approvals,1990-06,1990-06-30,M,11046.0,1990-08-07,2026-10-01
building_approvals,1990-07,1990-07-31,M,10666.0,1990-09-07,2026-10-01
building_approvals,1990-08,1990-08-31,M,10950.0,1990-10-08,2026-10-01
building_approvals,1990-09,1990-09-30,M,10916.0,1990-11-07,2026-10-01
building_approvals,1990-10,1990-10-31,M,10808.0,1990-12-08,2026-10-01
building_approvals,1990-11,1990-11-30,M,11306.0,1991-01-07,2026-10-01
building_approvals,1990-12,1990-12-31,M,9760.0,1991-02-07,2026-10-01
building_approvals,1991-01,1991-01-31,M,10316.0,1991-03-10,2026-10-01
building_approvals,1991-02,1991-02-28,M,10836.0,1991-04-07,2026-10-01
building_approvals,1991-03,1991-03-31,M,10569.0,1991-05-08,2026-10-01
building_approvals,1991-04,1991-04-30,M,10001.0,1991-06-07,2026-10-01
building_approvals,1991-05,1991-05-31,M,11358.0,1991-07-08,2026-10-01
building_approvals,1991-06,1991-06-30,M,10696.0,1991-08-07,2026-10-01
building_approvals,1991-07,1991-07-31,M,11951.0,1991-09-07,2026-10-01
building_approvals,1991-08,1991-08-31,M,12017.0,1991-10-08,2026-10-01
building_approvals,1991-09,1991-09-30,M,12327.0,1991-11-07,2026-10-01
building_approvals,1991-10,1991-10-31,M,12122.0,1991-12-08,2026-10-01
building_approvals,1991-11,1991-11-30,M,11964.0,1992-01-07,2026-10-01
building_approvals,1991-12,1991-12-31,M,11765.0,1992-02-07,2026-10-01
building_approvals,1992-01,1992-01-31,M,12304.0,1992-03-09,2026-10-01
building_approvals,1992-02,1992-02-29,M,12511.0,1992-04-07,2026-10-01
building_approvals,1992-03,1992-03-31,M,13040.0,1992-05-08,2026-10-01
building_approvals,1992-04,1992-04-30,M,13437.0,1992-06-07,2026-10-01
building_approvals,1992-05,1992-05-31,M,13526.0,1992-07-08,2026-10-01
building_approvals,1992-06,1992-06-30,M,13536.0,1992-08-07,2026-10-01
building_approvals,1992-07,1992-07-31,M,13536.0,1992-09-07,2026-10-01
building_approvals,1992-08,1992-08-31,M,13812.0,1992-10-08,2026-10-01
building_approvals,1992-09,1992-09-30,M,13768.0,1992-11-07,2026-10-01
building_approvals,1992-10,1992-10-31,M,13890.0,1992-12-08,2026-10-01
building_approvals,1992-11,1992-11-30,M,14768.0,1993-01-07,2026-10-01
building_approvals,1992-12,1992-12-31,M,14641.0,1993-02-07,2026-10-01
building_approvals,1993-01,1993-01-31,M,14725.0,1993-03-10,2026-10-01
building_approvals,1993-02,1993-02-28,M,14411.0,1993-04-07,2026-10-01
building_approvals,1993-03,1993-03-31,M,15098.0,1993-05-08,2026-10-01
building_approvals,1993-04,1993-04-30,M,14873.0,1993-06-07,2026-10-01
building_approvals,1993-05,1993-05-31,M,14713.0,1993-07-08,2026-10-01
building_approvals,1993-06,1993-06-30,M,14382.0,1993-08-07,2026-10-01
building_approvals,1993-07,1993-07-31,M,15593.0,1993-09-07,2026-10-01
building_approvals,1993-08,1993-08-31,M,15001.0,1993-10-08,2026-10-01
building_approvals,1993-09,1993-09-30,M,15289.0,1993-11-07,2026-10-01
building_approvals,1993-10,1993-10-31,M,15114.0,1993-12-08,2026-10-01
building_approvals,1993-11,1993-11-30,M,15875.0,1994-01-07,2026-10-01
building_approvals,1993-12,1993-12-31,M,14921.0,1994-02-07,2026-10-01
building_approvals,1994-01,1994-01-31,M,15687.0,1994-03-10,2026-10-01
building_approvals,1994-02,1994-02-28,M,15639.0,1994-04-07,2026-10-01
building_approvals,1994-03,1994-03-31,M,15673.0,1994-05-08,2026-10-01
building_approvals,1994-04,1994-04-30,M,15411.0,1994-06-07,2026-10-01
building_approvals,1994-05,1994-05-31,M,18161.0,1994-07-08,2026-10-01
building_approvals,1994-06,1994-06-30,M,16327.0,1994-08-07,2026-10-01
building_approvals,1994-07,1994-07-31,M,15528.0,1994-09-07,2026-10-01
building_approvals,1994-08,1994-08-31,M,17851.0,1994-10-08,2026-10-01
building_approvals,1994-09,1994-09-30,M,17605.0,1994-11-07,2026-10-01
building_approvals,1994-10,1994-10-31,M,15704.0,1994-12-08,2026-10-01
building_approvals,1994-11,1994-11-30,M,15160.0,1995-01-07,2026-10-01
building_approvals,1994-12,1994-12-31,M,13934.0,1995-02-07,2026-10-01
building_approvals,1995-01,1995-01-31,M,13156.0,1995-03-10,2026-10-01
building_approvals,1995-02,1995-02-28,M,13483.0,1995-04-07,2026-10-01
building_approvals,1995-03,1995-03-31,M,12635.0,1995-05-08,2026-10-01
building_approvals,1995-04,1995-04-30,M,11761.0,1995-06-07,2026-10-01
building_approvals,1995-05,1995-05-31,M,12681.0,1995-07-08,2026-10-01
building_approvals,1995-06,1995-06-30,M,11525.0,1995-08-07,2026-10-01
building_approvals,1995-07,1995-07-31,M,11531.0,1995-09-07,2026-10-01
building_approvals,1995-08,1995-08-31,M,10790.0,1995-10-08,2026-10-01
building_approvals,1995-09,1995-09-30,M,11004.0,1995-11-07,2026-10-01
building_approvals,1995-10,1995-10-31,M,9987.0,1995-12-08,2026-10-01
building_approvals,1995-11,1995-11-30,M,10480.0,1996-01-07,2026-10-01
building_approvals,1995-12,1995-12-31,M,10005.0,1996-02-07,2026-10-01
building_approvals,1996-01,1996-01-31,M,9299.0,1996-03-09,2026-10-01
building_approvals,1996-02,1996-02-29,M,10624.0,1996-04-07,2026-10-01
building_approvals,1996-03,1996-03-31,M,10195.0,1996-05-08,2026-10-01
building_approvals,1996-04,1996-04-30,M,10261.0,1996-06-07,2026-10-01
building_approvals,1996-05,1996-05-31,M,11070.0,1996-07-08,2026-10-01
building_approvals,1996-06,1996-06-30,M,10013.0,1996-08-07,2026-10-01
building_approvals,1996-07,1996-07-31,M,11115.0,1996-09-07,2026-10-01
building_approvals,1996-08,1996-08-31,M,11063.0,1996-10-08,2026-10-01
building_approvals,1996-09,1996-09-30,M,10120.0,1996-11-07,2026-10-01
building_approvals,1996-10,1996-10-31,M,11301.0,1996-12-08,2026-10-01
building_approvals,1996-11,1996-11-30,M,11481.0,1997-01-07,2026-10-01
building_approvals,1996-12,1996-12-31,M,10543.0,1997-02-07,2026-10-01
building_approvals,1997-01,1997-01-31,M,11150.0,1997-03-10,2026-10-01
building_approvals,1997-02,1997-02-28,M,12289.0,1997-04-07,2026-10-01
building_approvals,1997-03,1997-03-31,M,11729.0,1997-05-08,2026-10-01
building_approvals,1997-04,1997-04-30,M,11846.0,1997-06-07,2026-10-01
building_approvals,1997-05,1997-05-31,M,12765.0,1997-07-08,2026-10-01
building_approvals,1997-06,1997-06-30,M,11583.0,1997-08-07,2026-10-01
building_approvals,1997-07,1997-07-31,M,11562.0,1997-09-07,2026-10-01
building_approvals,1997-08,1997-08-31,M,13516.0,1997-10-08,2026-10-01
building_approvals,1997-09,1997-09-30,M,12689.0,1997-11-07,2026-10-01
building_approvals,1997-10,1997-10-31,M,12095.0,1997-12-08,2026-10-01
building_approvals,1997-11,1997-11-30,M,13491.0,1998-01-07,2026-10-01
building_approvals,1997-12,1997-12-31,M,12832.0,1998-02-07,2026-10-01
building_approvals,1998-01,1998-01-31,M,12723.0,1998-03-10,2026-10-01
building_approvals,1998-02,1998-02-28,M,12777.0,1998-04-07,2026-10-01
building_approvals,1998-03,1998-03-31,M,13109.0,1998-05-08,2026-10-01
building_approvals,1998-04,1998-04-30,M,14222.0,1998-06-07,2026-10-01
building_approvals,1998-05,1998-05-31,M,13464.0,1998-07-08,2026-10-01
building_approvals,1998-06,1998-06-30,M,13930.0,1998-08-07,2026-10-01
building_approvals,1998-07,1998-07-31,M,14098.0,1998-09-07,2026-10-01
building_approvals,1998-08,1998-08-31,M,12694.0,1998-10-08,2026-10-01
building_approvals,1998-09,1998-09-30,M,12607.0,1998-11-07,2026-10-01
building_approvals,1998-10,1998-10-31,M,12417.0,1998-12-08,2026-10-01
building_approvals,1998-11,1998-11-30,M,13740.0,1999-01-07,2026-10-01
building_approvals,1998-12,1998-12-31,M,12825.0,1999-02-07,2026-10-01
building_approvals,1999-01,1999-01-31,M,12020.0,1999-03-10,2026-10-01
building_approvals,1999-02,1999-02-28,M,13400.0,1999-04-07,2026-10-01
building_approvals,1999-03,1999-03-31,M,12668.0,1999-05-08,2026-10-01
building_approvals,1999-04,1999-04-30,M,13246.0,1999-06-07,2026-10-01
building_approvals,1999-05,1999-05-31,M,13447.0,1999-07-08,2026-10-01
building_approvals,1999-06,1999-06-30,M,13734.0,1999-08-07,2026-10-01
building_approvals,1999-07,1999-07-31,M,14968.0,1999-09-07,2026-10-01
building_approvals,1999-08,1999-08-31,M,15301.0,1999-10-08,2026-10-01
building_approvals,1999-09,1999-09-30,M,14788.0,1999-11-07,2026-10-01
building_approvals,1999-10,1999-10-31,M,15043.0,1999-12-08,2026-10-01
building_approvals,1999-11,1999-11-30,M,15888.0,2000-01-07,2026-10-01
building_approvals,1999-12,1999-12-31,M,15630.0,2000-02-07,2026-10-01
building_approvals,2000-01,2000-01-31,M,16174.0,2000-03-09,2026-10-01
building_approvals,2000-02,2000-02-29,M,16434.0,2000-04-07,2026-10-01
building_approvals,2000-03,2000-03-31,M,14361.0,2000-05-08,2026-10-01
building_approvals,2000-04,2000-04-30,M,14020.0,2000-06-07,2026-10-01
building_approvals,2000-05,2000-05-31,M,13284.0,2000-07-08,2026-10-01
building_approvals,2000-06,2000-06-30,M,10801.0,2000-08-07,2026-10-01
building_approvals,2000-07,2000-07-31,M,9523.0,2000-09-07,2026-10-01
building_approvals,2000-08,2000-08-31,M,9250.0,2000-10-08,2026-10-01
building_approvals,2000-09,2000-09-30,M,9349.0,2000-11-07,2026-10-01
building_approvals,2000-10,2000-10-31,M,9461.0,2000-12-08,2026-10-01
building_approvals,2000-11,2000-11-30,M,10873.0,2001-01-07,2026-10-01
building_approvals,2000-12,2000-12-31,M,9938.0,2001-02-07,2026-10-01
building_approvals,2001-01,2001-01-31,M,9779.0,2001-03-10,2026-10-01
building_approvals,2001-02,2001-02-28,M,9285.0,2001-04-07,2026-10-01
building_approvals,2001-03,2001-03-31,M,9450.0,2001-05-08,2026-10-01
building_approvals,2001-04,2001-04-30,M,10315.0,2001-06-07,2026-10-01
building_approvals,2001-05,2001-05-31,M,12209.0,2001-07-08,2026-10-01
building_approvals,2001-06,2001-06-30,M,12214.0,2001-08-07,2026-10-01
building_approvals,2001-07,2001-07-31,M,13088.0,2001-09-07,2026-10-01
building_approvals,2001-08,2001-08-31,M,15102.0,2001-10-08,2026-10-01
building_approvals,2001-09,2001-09-30,M,15014.0,2001-11-07,2026-10-01
building_approvals,2001-10,2001-10-31,M,14939.0,2001-12-08,2026-10-01
building_approvals,2001-11,2001-11-30,M,14836.0,2002-01-07,2026-10-01
building_approvals,2001-12,2001-12-31,M,14180.0,2002-02-07,2026-10-01
building_approvals,2002-01,2002-01-31,M,13856.0,2002-03-10,2026-10-01
building_approvals,2002-02,2002-02-28,M,13722.0,2002-04-07,2026-10-01
building_approvals,2002-03,2002-03-31,M,14568.0,2002-05-08,2026-10-01
building_approvals,2002-04,2002-04-30,M,15540.0,2002-06-07,2026-10-01
building_approvals,2002-05,2002-05-31,M,14961.0,2002-07-08,2026-10-01
building_approvals,2002-06,2002-06-30,M,14405.0,2002-08-07,2026-10-01
building_approvals,2002-07,2002-07-31,M,14145.0,2002-09-07,2026-10-01
building_approvals,2002-08,2002-08-31,M,17761.0,2002-10-08,2026-10-01
building_approvals,2002-09,2002-09-30,M,14232.0,2002-11-07,2026-10-01
building_approvals,2002-10,2002-10-31,M,18243.0,2002-12-08,2026-10-01
building_approvals,2002-11,2002-11-30,M,14308.0,2003-01-07,2026-10-01
building_approvals,2002-12,2002-12-31,M,13943.0,2003-02-07,2026-10-01
building_approvals,2003-01,2003-01-31,M,14128.0,2003-03-10,2026-10-01
building_approvals,2003-02,2003-02-28,M,13876.0,2003-04-07,2026-10-01
building_approvals,2003-03,2003-03-31,M,14579.0,2003-05-08,2026-10-01
building_approvals,2003-04,2003-04-30,M,14628.0,2003-06-07,2026-10-01
building_approvals,2003-05,2003-05-31,M,14605.0,2003-07-08,2026-10-01
building_approvals,2003-06,2003-06-30,M,14580.0,2003-08-07,2026-10-01
building_approvals,2003-07,2003-07-31,M,15347.0,2003-09-07,2026-10-01
building_approvals,2003-08,2003-08-31,M,15055.0,2003-10-08,2026-10-01
building_approvals,2003-09,2003-09-30,M,16796.0,2003-11-07,2026-10-01
building_approvals,2003-10,2003-10-31,M,16957.0,2003-12-08,2026-10-01
building_approvals,2003-11,2003-11-30,M,15165.0,2004-01-07,2026-10-01
building_approvals,2003-12,2003-12-31,M,15012.0,2004-02-07,2026-10-01
building_approvals,2004-01,2004-01-31,M,14435.0,2004-03-09,2026-10-01
building_approvals,2004-02,2004-02-29,M,14814.0,2004-04-07,2026-10-01
building_approvals,2004-03,2004-03-31,M,15306.0,2004-05-08,2026-10-01
building_approvals,2004-04,2004-04-30,M,14991.0,2004-06-07,2026-10-01
building_approvals,2004-05,2004-05-31,M,15543.0,2004-07-08,2026-10-01
building_approvals,2004-06,2004-06-30,M,14566.0,2004-08-07,2026-10-01
building_approvals,2004-07,2004-07-31,M,14353.0,2004-09-07,2026-10-01
building_approvals,2004-08,2004-08-31,M,13952.0,2004-10-08,2026-10-01
building_approvals,2004-09,2004-09-30,M,13243.0,2004-11-07,2026-10-01
building_approvals,2004-10,2004-10-31,M,13305.0,2004-12-08,2026-10-01
building_approvals,2004-11,2004-11-30,M,13081.0,2005-01-07,2026-10-01
building_approvals,2004-12,2004-12-31,M,13691.0,2005-02-07,2026-10-01
building_approvals,2005-01,2005-01-31,M,13475.0,2005-03-10,2026-10-01
building_approvals,2005-02,2005-02-28,M,13425.0,2005-04-07,2026-10-01
building_approvals,2005-03,2005-03-31,M,13079.0,2005-05-08,2026-10-01
building_approvals,2005-04,2005-04-30,M,13095.0,2005-06-07,2026-10-01
building_approvals,2005-05,2005-05-31,M,14854.0,2005-07-08,2026-10-01
building_approvals,2005-06,2005-06-30,M,14352.0,2005-08-07,2026-10-01
building_approvals,2005-07,2005-07-31,M,13096.0,2005-09-07,2026-10-01
building_approvals,2005-08,2005-08-31,M,12292.0,2005-10-08,2026-10-01
building_approvals,2005-09,2005-09-30,M,12627.0,2005-11-07,2026-10-01
building_approvals,2005-10,2005-10-31,M,12559.0,2005-12-08,2026-10-01
building_approvals,2005-11,2005-11-30,M,12820.0,2006-01-07,2026-10-01
building_approvals,2005-12,2005-12-31,M,12736.0,2006-02-07,2026-10-01
building_approvals,2006-01,2006-01-31,M,12200.0,2006-03-10,2026-10-01
building_approvals,2006-02,2006-02-28,M,12651.0,2006-04-07,2026-10-01
building_approvals,2006-03,2006-03-31,M,12985.0,2006-05-08,2026-10-01
building_approvals,2006-04,2006-04-30,M,12423.0,2006-06-07,2026-10-01
building_approvals,2006-05,2006-05-31,M,13448.0,2006-07-08,2026-10-01
building_approvals,2006-06,2006-06-30,M,13258.0,2006-08-07,2026-10-01
building_approvals,2006-07,2006-07-31,M,14226.0,2006-09-07,2026-10-01
building_approvals,2006-08,2006-08-31,M,12801.0,2006-10-08,2026-10-01
building_approvals,2006-09,2006-09-30,M,13433.0,2006-11-07,2026-10-01
building_approvals,2006-10,2006-10-31,M,12633.0,2006-12-08,2026-10-01
building_approvals,2006-11,2006-11-30,M,12809.0,2007-01-07,2026-10-01
building_approvals,2006-12,2006-12-31,M,12674.0,2007-02-07,2026-10-01
building_approvals,2007-01,2007-01-31,M,11900.0,2007-03-10,2026-10-01
building_approvals,2007-02,2007-02-28,M,13673.0,2007-04-07,2026-10-01
building_approvals,2007-03,2007-03-31,M,12447.0,2007-05-08,2026-10-01
building_approvals,2007-04,2007-04-30,M,12765.0,2007-06-07,2026-10-01
building_approvals,2007-05,2007-05-31,M,12704.0,2007-07-08,2026-10-01
building_approvals,2007-06,2007-06-30,M,13362.0,2007-08-07,2026-10-01
building_approvals,2007-07,2007-07-31,M,13538.0,2007-09-07,2026-10-01
building_approvals,2007-08,2007-08-31,M,12885.0,2007-10-08,2026-10-01
building_approvals,2007-09,2007-09-30,M,14435.0,2007-11-07,2026-10-01
building_approvals,2007-10,2007-10-31,M,14327.0,2007-12-08,2026-10-01
building_approvals,2007-11,2007-11-30,M,14854.0,2008-01-07,2026-10-01
building_approvals,2007-12,2007-12-31,M,14430.0,2008-02-07,2026-10-01
building_approvals,2008-01,2008-01-31,M,13559.0,2008-03-09,2026-10-01
building_approvals,2008-02,2008-02-29,M,13687.0,2008-04-07,2026-10-01
building_approvals,2008-03,2008-03-31,M,12594.0,2008-05-08,2026-10-01
building_approvals,2008-04,2008-04-30,M,13340.0,2008-06-07,2026-10-01
building_approvals,2008-05,2008-05-31,M,13188.0,2008-07-08,2026-10-01
building_approvals,2008-06,2008-06-30,M,13449.0,2008-08-07,2026-10-01
building_approvals,2008-07,2008-07-31,M,13033.0,2008-09-07,2026-10-01
building_approvals,2008-08,2008-08-31,M,12351.0,2008-10-08,2026-10-01
building_approvals,2008-09,2008-09-30,M,12088.0,2008-11-07,2026-10-01
building_approvals,2008-10,2008-10-31,M,11624.0,2008-12-08,2026-10-01
building_approvals,2008-11,2008-11-30,M,10490.0,2009-01-07,2026-10-01
building_approvals,2008-12,2008-12-31,M,10323.0,2009-02-07,2026-10-01
building_approvals,2009-01,2009-01-31,M,9199.0,2009-03-10,2026-10-01
building_approvals,2009-02,2009-02-28,M,10726.0,2009-04-07,2026-10-01
building_approvals,2009-03,2009-03-31,M,10949.0,2009-05-08,2026-10-01
building_approvals,2009-04,2009-04-30,M,11491.0,2009-06-07,2026-10-01
building_approvals,2009-05,2009-05-31,M,10807.0,2009-07-08,2026-10-01
building_approvals,2009-06,2009-06-30,M,11944.0,2009-08-07,2026-10-01
building_approvals,2009-07,2009-07-31,M,12965.0,2009-09-07,2026-10-01
building_approvals,2009-08,2009-08-31,M,12841.0,2009-10-08,2026-10-01
building_approvals,2009-09,2009-09-30,M,14324.0,2009-11-07,2026-10-01
building_approvals,2009-10,2009-10-31,M,13825.0,2009-12-08,2026-10-01
building_approvals,2009-11,2009-11-30,M,15209.0,2010-01-07,2026-10-01
building_approvals,2009-12,2009-12-31,M,15281.0,2010-02-07,2026-10-01
building_approvals,2010-01,2010-01-31,M,15249.0,2010-03-10,2026-10-01
building_approvals,2010-02,2010-02-28,M,15348.0,2010-04-07,2026-10-01
building_approvals,2010-03,2010-03-31,M,17061.0,2010-05-08,2026-10-01
building_approvals,2010-04,2010-04-30,M,15585.0,2010-06-07,2026-10-01
building_approvals,2010-05,2010-05-31,M,14997.0,2010-07-08,2026-10-01
building_approvals,2010-06,2010-06-30,M,14439.0,2010-08-07,2026-10-01
building_approvals,2010-07,2010-07-31,M,15229.0,2010-09-07,2026-10-01
building_approvals,2010-08,2010-08-31,M,15070.0,2010-10-08,2026-10-01
building_approvals,2010-09,2010-09-30,M,13881.0,2010-11-07,2026-10-01
building_approvals,2010-10,2010-10-31,M,16026.0,2010-12-08,2026-10-01
building_approvals,2010-11,2010-11-30,M,14422.0,2011-01-07,2026-10-01
building_approvals,2010-12,2010-12-31,M,15193.0,2011-02-07,2026-10-01
building_approvals,2011-01,2011-01-31,M,12737.0,2011-03-10,2026-10-01
building_approvals,2011-02,2011-02-28,M,12697.0,2011-04-07,2026-10-01
building_approvals,2011-03,2011-03-31,M,13966.0,2011-05-08,2026-10-01
building_approvals,2011-04,2011-04-30,M,13807.0,2011-06-07,2026-10-01
building_approvals,2011-05,2011-05-31,M,12873.0,2011-07-08,2026-10-01
building_approvals,2011-06,2011-06-30,M,12628.0,2011-08-07,2026-10-01
building_approvals,2011-07,2011-07-31,M,13089.0,2011-09-07,2026-10-01
building_approvals,2011-08,2011-08-31,M,14365.0,2011-10-08,2026-10-01
building_approvals,2011-09,2011-09-30,M,12601.0,2011-11-07,2026-10-01
building_approvals,2011-10,2011-10-31,M,11663.0,2011-12-08,2026-10-01
building_approvals,2011-11,2011-11-30,M,11899.0,2012-01-07,2026-10-01
building_approvals,2011-12,2011-12-31,M,11954.0,2012-02-07,2026-10-01
building_approvals,2012-01,2012-01-31,M,10858.0,2012-03-09,2026-10-01
building_approvals,2012-02,2012-02-29,M,11535.0,2012-04-07,2026-10-01
building_approvals,2012-03,2012-03-31,M,11791.0,2012-05-08,2026-10-01
building_approvals,2012-04,2012-04-30,M,10927.0,2012-06-07,2026-10-01
building_approvals,2012-05,2012-05-31,M,13968.0,2012-07-08,2026-10-01
building_approvals,2012-06,2012-06-30,M,14832.0,2012-08-07,2026-10-01
building_approvals,2012-07,2012-07-31,M,11809.0,2012-09-07,2026-10-01
building_approvals,2012-08,2012-08-31,M,13028.0,2012-10-08,2026-10-01
building_approvals,2012-09,2012-09-30,M,15751.0,2012-11-07,2026-10-01
building_approvals,2012-10,2012-10-31,M,14600.0,2012-12-08,2026-10-01
building_approvals,2012-11,2012-11-30,M,14249.0,2013-01-07,2026-10-01
building_approvals,2012-12,2012-12-31,M,14371.0,2013-02-07,2026-10-01
building_approvals,2013-01,2013-01-31,M,12048.0,2013-03-10,2026-10-01
building_approvals,2013-02,2013-02-28,M,13550.0,2013-04-07,2026-10-01
building_approvals,2013-03,2013-03-31,M,13336.0,2013-05-08,2026-10-01
building_approvals,2013-04,2013-04-30,M,14924.0,2013-06-07,2026-10-01
building_approvals,2013-05,2013-05-31,M,14333.0,2013-07-08,2026-10-01
building_approvals,2013-06,2013-06-30,M,13624.0,2013-08-07,2026-10-01
building_approvals,2013-07,2013-07-31,M,15052.0,2013-09-07,2026-10-01
building_approvals,2013-08,2013-08-31,M,14747.0,2013-10-08,2026-10-01
building_approvals,2013-09,2013-09-30,M,19042.0,2013-11-07,2026-10-01
building_approvals,2013-10,2013-10-31,M,17867.0,2013-12-08,2026-10-01
building_approvals,2013-11,2013-11-30,M,17697.0,2014-01-07,2026-10-01
building_approvals,2013-12,2013-12-31,M,17359.0,2014-02-07,2026-10-01
building_approvals,2014-01,2014-01-31,M,16843.0,2014-03-10,2026-10-01
building_approvals,2014-02,2014-02-28,M,16660.0,2014-04-07,2026-10-01
building_approvals,2014-03,2014-03-31,M,16010.0,2014-05-08,2026-10-01
building_approvals,2014-04,2014-04-30,M,16205.0,2014-06-07,2026-10-01
building_approvals,2014-05,2014-05-31,M,16976.0,2014-07-08,2026-10-01
building_approvals,2014-06,2014-06-30,M,16578.0,2014-08-07,2026-10-01
building_approvals,2014-07,2014-07-31,M,17032.0,2014-09-07,2026-10-01
building_approvals,2014-08,2014-08-31,M,18310.0,2014-10-08,2026-10-01
building_approvals,2014-09,2014-09-30,M,16729.0,2014-11-07,2026-10-01
building_approvals,2014-10,2014-10-31,M,18308.0,2014-12-08,2026-10-01
building_approvals,2014-11,2014-11-30,M,20556.0,2015-01-07,2026-10-01
building_approvals,2014-12,2014-12-31,M,20383.0,2015-02-07,2026-10-01
building_approvals,2015-01,2015-01-31,M,19127.0,2015-03-10,2026-10-01
building_approvals,2015-02,2015-02-28,M,19522.0,2015-04-07,2026-10-01
building_approvals,2015-03,2015-03-31,M,20697.0,2015-05-08,2026-10-01
building_approvals,2015-04,2015-04-30,M,19178.0,2015-06-07,2026-10-01
building_approvals,2015-05,2015-05-31,M,21122.0,2015-07-08,2026-10-01
building_approvals,2015-06,2015-06-30,M,19284.0,2015-08-07,2026-10-01
building_approvals,2015-07,2015-07-31,M,19868.0,2015-09-07,2026-10-01
building_approvals,2015-08,2015-08-31,M,19112.0,2015-10-08,2026-10-01
building_approvals,2015-09,2015-09-30,M,20543.0,2015-11-07,2026-10-01
building_approvals,2015-10,2015-10-31,M,22043.0,2015-12-08,2026-10-01
building_approvals,2015-11,2015-11-30,M,19221.0,2016-01-07,2026-10-01
building_approvals,2015-12,2015-12-31,M,20214.0,2016-02-07,2026-10-01
building_approvals,2016-01,2016-01-31,M,17822.0,2016-03-09,2026-10-01
building_approvals,2016-02,2016-02-29,M,19769.0,2016-04-07,2026-10-01
building_approvals,2016-03,2016-03-31,M,20365.0,2016-05-08,2026-10-01
building_approvals,2016-04,2016-04-30,M,21187.0,2016-06-07,2026-10-01
building_approvals,2016-05,2016-05-31,M,20403.0,2016-07-08,2026-10-01
building_approvals,2016-06,2016-06-30,M,18382.0,2016-08-07,2026-10-01
building_approvals,2016-07,2016-07-31,M,21735.0,2016-09-07,2026-10-01
building_approvals,2016-08,2016-08-31,M,21406.0,2016-10-08,2026-10-01
building_approvals,2016-09,2016-09-30,M,19580.0,2016-11-07,2026-10-01
building_approvals,2016-10,2016-10-31,M,16807.0,2016-12-08,2026-10-01
building_approvals,2016-11,2016-11-30,M,18609.0,2017-01-07,2026-10-01
building_approvals,2016-12,2016-12-31,M,18377.0,2017-02-07,2026-10-01
building_approvals,2017-01,2017-01-31,M,16375.0,2017-03-10,2026-10-01
building_approvals,2017-02,2017-02-28,M,19073.0,2017-04-07,2026-10-01
building_approvals,2017-03,2017-03-31,M,16374.0,2017-05-08,2026-10-01
building_approvals,2017-04,2017-04-30,M,18573.0,2017-06-07,2026-10-01
building_approvals,2017-05,2017-05-31,M,17073.0,2017-07-08,2026-10-01
building_approvals,2017-06,2017-06-30,M,18506.0,2017-08-07,2026-10-01
building_approvals,2017-07,2017-07-31,M,19535.0,2017-09-07,2026-10-01
building_approvals,2017-08,2017-08-31,M,18938.0,2017-10-08,2026-10-01
building_approvals,2017-09,2017-09-30,M,20010.0,2017-11-07,2026-10-01
building_approvals,2017-10,2017-10-31,M,19901.0,2017-12-08,2026-10-01
building_approvals,2017-11,2017-11-30,M,23234.0,2018-01-07,2026-10-01
building_approvals,2017-12,2017-12-31,M,17795.0,2018-02-07,2026-10-01
building_approvals,2018-01,2018-01-31,M,18404.0,2018-03-10,2026-10-01
building_approvals,2018-02,2018-02-28,M,19330.0,2018-04-07,2026-10-01
building_approvals,2018-03,2018-03-31,M,19692.0,2018-05-08,2026-10-01
building_approvals,2018-04,2018-04-30,M,18775.0,2018-06-07,2026-10-01
building_approvals,2018-05,2018-05-31,M,17973.0,2018-07-08,2026-10-01
building_approvals,2018-06,2018-06-30,M,19282.0,2018-08-07,2026-10-01
building_approvals,2018-07,2018-07-31,M,18893.0,2018-09-07,2026-10-01
building_approvals,2018-08,2018-08-31,M,16296.0,2018-10-08,2026-10-01
building_approvals,2018-09,2018-09-30,M,16991.0,2018-11-07,2026-10-01
building_approvals,2018-10,2018-10-31,M,17199.0,2018-12-08,2026-10-01
building_approvals,2018-11,2018-11-30,M,15318.0,2019-01-07,2026-10-01
building_approvals,2018-12,2018-12-31,M,14129.0,2019-02-07,2026-10-01
building_approvals,2019-01,2019-01-31,M,13880.0,2019-03-10,2026-10-01
building_approvals,2019-02,2019-02-28,M,16886.0,2019-04-07,2026-10-01
building_approvals,2019-03,2019-03-31,M,15129.0,2019-05-08,2026-10-01
building_approvals,2019-04,2019-04-30,M,14729.0,2019-06-07,2026-10-01
building_approvals,2019-05,2019-05-31,M,14612.0,2019-07-08,2026-10-01
building_approvals,2019-06,2019-06-30,M,14645.0,2019-08-07,2026-10-01
building_approvals,2019-07,2019-07-31,M,13595.0,2019-09-07,2026-10-01
building_approvals,2019-08,2019-08-31,M,13728.0,2019-10-08,2026-10-01
building_approvals,2019-09,2019-09-30,M,14929.0,2019-11-07,2026-10-01
building_approvals,2019-10,2019-10-31,M,14074.0,2019-12-08,2026-10-01
building_approvals,2019-11,2019-11-30,M,15160.0,2020-01-07,2026-10-01
building_approvals,2019-12,2019-12-31,M,15820.0,2020-02-07,2026-10-01
building_approvals,2020-01,2020-01-31,M,12761.0,2020-03-09,2026-10-01
building_approvals,2020-02,2020-02-29,M,16562.0,2020-04-07,2026-10-01
building_approvals,2020-03,2020-03-31,M,15286.0,2020-05-08,2026-10-01
building_approvals,2020-04,2020-04-30,M,15260.0,2020-06-07,2026-10-01
building_approvals,2020-05,2020-05-31,M,13609.0,2020-07-08,2026-10-01
building_approvals,2020-06,2020-06-30,M,12775.0,2020-08-07,2026-10-01
building_approvals,2020-07,2020-07-31,M,15228.0,2020-09-07,2026-10-01
building_approvals,2020-08,2020-08-31,M,14518.0,2020-10-08,2026-10-01
building_approvals,2020-09,2020-09-30,M,16427.0,2020-11-07,2026-10-01
building_approvals,2020-10,2020-10-31,M,17512.0,2020-12-08,2026-10-01
building_approvals,2020-11,2020-11-30,M,18012.0,2021-01-07,2026-10-01
building_approvals,2020-12,2020-12-31,M,18655.0,2021-02-07,2026-10-01
building_approvals,2021-01,2021-01-31,M,16451.0,2021-03-10,2026-10-01
building_approvals,2021-02,2021-02-28,M,20205.0,2021-04-07,2026-10-01
building_approvals,2021-03,2021-03-31,M,22850.0,2021-05-08,2026-10-01
building_approvals,2021-04,2021-04-30,M,20854.0,2021-06-07,2026-10-01
building_approvals,2021-05,2021-05-31,M,21259.0,2021-07-08,2026-10-01
building_approvals,2021-06,2021-06-30,M,19347.0,2021-08-07,2026-10-01
building_approvals,2021-07,2021-07-31,M,18808.0,2021-09-07,2026-10-01
building_approvals,2021-08,2021-08-31,M,19178.0,2021-10-08,2026-10-01
building_approvals,2021-09,2021-09-30,M,19047.0,2021-11-07,2026-10-01
building_approvals,2021-10,2021-10-31,M,16399.0,2021-12-08,2026-10-01
building_approvals,2021-11,2021-11-30,M,16531.0,2022-01-07,2026-10-01
building_approvals,2021-12,2021-12-31,M,17008.0,2022-02-07,2026-10-01
building_approvals,2022-01,2022-01-31,M,13572.0,2022-03-10,2026-10-01
building_approvals,2022-02,2022-02-28,M,18625.0,2022-04-07,2026-10-01
building_approvals,2022-03,2022-03-31,M,14930.0,2022-05-08,2026-10-01
building_approvals,2022-04,2022-04-30,M,16142.0,2022-06-07,2026-10-01
building_approvals,2022-05,2022-05-31,M,16714.0,2022-07-08,2026-10-01
building_approvals,2022-06,2022-06-30,M,16209.0,2022-08-07,2026-10-01
building_approvals,2022-07,2022-07-31,M,14308.0,2022-09-07,2026-10-01
building_approvals,2022-08,2022-08-31,M,17130.0,2022-10-08,2026-10-01
building_approvals,2022-09,2022-09-30,M,17092.0,2022-11-07,2026-10-01
building_approvals,2022-10,2022-10-31,M,15619.0,2022-12-08,2026-10-01
building_approvals,2022-11,2022-11-30,M,15115.0,2023-01-07,2026-10-01
building_approvals,2022-12,2022-12-31,M,16979.0,2023-02-07,2026-10-01
building_approvals,2023-01,2023-01-31,M,12320.0,2023-03-10,2026-10-01
building_approvals,2023-02,2023-02-28,M,13575.0,2023-04-07,2026-10-01
building_approvals,2023-03,2023-03-31,M,13331.0,2023-05-08,2026-10-01
building_approvals,2023-04,2023-04-30,M,13287.0,2023-06-07,2026-10-01
building_approvals,2023-05,2023-05-31,M,15792.0,2023-07-08,2026-10-01
building_approvals,2023-06,2023-06-30,M,13650.0,2023-08-07,2026-10-01
building_approvals,2023-07,2023-07-31,M,12961.0,2023-09-07,2026-10-01
building_approvals,2023-08,2023-08-31,M,13365.0,2023-10-08,2026-10-01
building_approvals,2023-09,2023-09-30,M,14117.0,2023-11-07,2026-10-01
building_approvals,2023-10,2023-10-31,M,14488.0,2023-12-08,2026-10-01
building_approvals,2023-11,2023-11-30,M,14736.0,2024-01-07,2026-10-01
building_approvals,2023-12,2023-12-31,M,13867.0,2024-02-07,2026-10-01
building_approvals,2024-01,2024-01-31,M,13152.0,2024-03-09,2026-10-01
building_approvals,2024-02,2024-02-29,M,13103.0,2024-04-07,2026-10-01
building_approvals,2024-03,2024-03-31,M,13535.0,2024-05-08,2026-10-01
building_approvals,2024-04,2024-04-30,M,13794.0,2024-06-07,2026-10-01
building_approvals,2024-05,2024-05-31,M,14807.0,2024-07-08,2026-10-01
building_approvals,2024-06,2024-06-30,M,13208.0,2024-08-07,2026-10-01
building_approvals,2024-07,2024-07-31,M,15182.0,2024-09-07,2026-10-01
building_approvals,2024-08,2024-08-31,M,14493.0,2024-10-08,2026-10-01
building_approvals,2024-09,2024-09-30,M,15290.0,2024-11-07,2026-10-01
building_approvals,2024-10,2024-10-31,M,16235.0,2024-12-08,2026-10-01
building_approvals,2024-11,2024-11-30,M,15510.0,2025-01-07,2026-10-01
building_approvals,2024-12,2024-12-31,M,15504.0,2025-02-07,2026-10-01
building_approvals,2025-01,2025-01-31,M,15602.0,2025-03-10,2026-10-01
building_approvals,2025-02,2025-02-28,M,16765.0,2025-04-07,2026-10-01
building_approvals,2025-03,2025-03-31,M,15705.0,2025-05-08,2026-10-01
building_approvals,2025-04,2025-04-30,M,15452.0,2025-06-07,2026-10-01
building_approvals,2025-05,2025-05-31,M,16197.0,2025-07-08,2026-10-01
building_approvals,2025-06,2025-06-30,M,16847.0,2025-08-07,2026-10-01
building_approvals,2025-07,2025-07-31,M,16278.0,2025-09-07,2026-10-01
building_approvals,2025-08,2025-08-31,M,15368.0,2025-10-08,2026-10-01
building_approvals,2025-09,2025-09-30,M,18047.0,2025-11-07,2026-10-01
building_approvals,2025-10,2025-10-31,M,16353.0,2025-12-08,2026-10-01
building_approvals,2025-11,2025-11-30,M,18877.0,2026-01-07,2026-10-01
building_approvals,2025-12,2025-12-31,M,15943.0,2026-02-07,2026-10-01
building_approvals,2026-01,2026-01-31,M,13783.0,2026-03-10,2026-10-01
building_approvals,2026-02,2026-02-28,M,19893.0,2026-04-07,2026-10-01
building_approvals,2026-03,2026-03-31,M,17224.0,2026-05-08,2026-10-01
building_approvals,2026-04,2026-04-30,M,17452.0,2026-06-07,2026-10-01
building_approvals,2026-05,2026-05-31,M,17203.0,2026-07-08,2026-10-01
building_approvals,2026-06,2026-06-30,M,18397.0,2026-08-07,2026-10-01
building_approvals,2026-07,2026-07-31,M,18056.0,2026-09-07,2026-10-01
building_approvals,2026-08,2026-08-31,M,16953.0,2026-10-08,2026-10-01
employment,1978-02,1978-02-28,M,5997.230259,1978-03-26,2026-10-01
employment,1978-03,1978-03-31,M,6002.6868743,1978-04-26,2026-10-01
employment,1978-04,1978-04-30,M,6030.4631072,1978-05-26,2026-10-01
employment,1978-05,1978-05-31,M,6032.8775856,1978-06-26,2026-10-01
employment,1978-06,1978-06-30,M,6033.6048503,1978-07-26,2026-10-01
employment,1978-07,1978-07-31,M,6030.2311468,1978-08-26,2026-10-01
employment,1978-08,1978-08-31,M,6036.0601275,1978-09-26,2026-10-01
employment,1978-09,1978-09-30,M,6030.2081589,1978-10-26,2026-10-01
employment,1978-10,1978-10-31,M,6035.5771709,1978-11-26,2026-10-01
employment,1978-11,1978-11-30,M,6027.9012105,1978-12-26,2026-10-01
employment,1978-12,1978-12-31,M,6052.8766519,1979-01-26,2026-10-01
employment,1979-01,1979-01-31,M,6050.7336184,1979-02-26,2026-10-01
employment,1979-02,1979-02-28,M,6063.2359797,1979-03-26,2026-10-01
employment,1979-03,1979-03-31,M,6055.3473631,1979-04-26,2026-10-01
employment,1979-04,1979-04-30,M,6064.3899258,1979-05-26,2026-10-01
employment,1979-05,1979-05-31,M,6070.0186208,1979-06-26,2026-10-01
employment,1979-06,1979-06-30,M,6099.1410331,1979-07-26,2026-10-01
employment,1979-07,1979-07-31,M,6097.1832448,1979-08-26,2026-10-01
employment,1979-08,1979-08-31,M,6114.5410911,1979-09-26,2026-10-01
employment,1979-09,1979-09-30,M,6116.7275589,1979-10-26,2026-10-01
employment,1979-10,1979-10-31,M,6151.8485463,1979-11-26,2026-10-01
employment,1979-11,1979-11-30,M,6180.1885738,1979-12-26,2026-10-01
employment,1979-12,1979-12-31,M,6183.6761775,1980-01-26,2026-10-01
employment,1980-01,1980-01-31,M,6203.543338,1980-02-26,2026-10-01
employment,1980-02,1980-02-29,M,6221.5938688,1980-03-26,2026-10-01
employment,1980-03,1980-03-31,M,6232.6091563,1980-04-26,2026-10-01
employment,1980-04,1980-04-30,M,6246.4393008,1980-05-26,2026-10-01
employment,1980-05,1980-05-31,M,6267.6961519,1980-06-26,2026-10-01
employment,1980-06,1980-06-30,M,6275.157963,1980-07-26,2026-10-01
employment,1980-07,1980-07-31,M,6306.3099679,1980-08-26,2026-10-01
employment,1980-08,1980-08-31,M,6315.3608571,1980-09-26,2026-10-01
employment,1980-09,1980-09-30,M,6317.5811615,1980-10-26,2026-10-01
employment,1980-10,1980-10-31,M,6306.7303679,1980-11-26,2026-10-01
employment,1980-11,1980-11-30,M,6328.3366962,1980-12-26,2026-10-01
employment,1980-12,1980-12-31,M,6351.1880004,1981-01-26,2026-10-01
employment,1981-01,1981-01-31,M,6357.1311821,1981-02-26,2026-10-01
employment,1981-02,1981-02-28,M,6372.5886434,1981-03-26,2026-10-01
employment,1981-03,1981-03-31,M,6376.3283759,1981-04-26,2026-10-01
employment,1981-04,1981-04-30,M,6403.8121255,1981-05-26,2026-10-01
employment,1981-05,1981-05-31,M,6404.891984,1981-06-26,2026-10-01
employment,1981-06,1981-06-30,M,6420.5974996,1981-07-26,2026-10-01
employment,1981-07,1981-07-31,M,6418.1583938,1981-08-26,2026-10-01
employment,1981-08,1981-08-31,M,6434.2360739,1981-09-26,2026-10-01
employment,1981-09,1981-09-30,M,6459.1408599,1981-10-26,2026-10-01
employment,1981-10,1981-10-31,M,6429.6017255,1981-11-26,2026-10-01
employment,1981-11,1981-11-30,M,6416.6535226,1981-12-26,2026-10-01
employment,1981-12,1981-12-31,M,6429.8237,1982-01-26,2026-10-01
employment,1982-01,1982-01-31,M,6468.8799626,1982-02-26,2026-10-01
employment,1982-02,1982-02-28,M,6450.1454289,1982-03-26,2026-10-01
employment,1982-03,1982-03-31,M,6442.9290978,1982-04-26,2026-10-01
employment,1982-04,1982-04-30,M,6455.5718609,1982-05-26,2026-10-01
employment,1982-05,1982-05-31,M,6432.5873136,1982-06-26,2026-10-01
employment,1982-06,1982-06-30,M,6420.5743313,1982-07-26,2026-10-01
employment,1982-07,1982-07-31,M,6419.6105986,1982-08-26,2026-10-01
employment,1982-08,1982-08-31,M,6416.2038936,1982-09-26,2026-10-01
employment,1982-09,1982-09-30,M,6400.6170851,1982-10-26,2026-10-01
employment,1982-10,1982-10-31,M,6402.6704475,1982-11-26,2026-10-01
employment,1982-11,1982-11-30,M,6345.4369891,1982-12-26,2026-10-01
employment,1982-12,1982-12-31,M,6295.3563134,1983-01-26,2026-10-01
employment,1983-01,1983-01-31,M,6296.3833563,1983-02-26,2026-10-01
employment,1983-02,1983-02-28,M,6289.174277,1983-03-26,2026-10-01
employment,1983-03,1983-03-31,M,6255.5537884,1983-04-26,2026-10-01
employment,1983-04,1983-04-30,M,6232.7066978,1983-05-26,2026-10-01
employment,1983-05,1983-05-31,M,6263.6243085,1983-06-26,2026-10-01
employment,1983-06,1983-06-30,M,6270.959701,1983-07-26,2026-10-01
employment,1983-07,1983-07-31,M,6276.5010876,1983-08-26,2026-10-01
employment,1983-08,1983-08-31,M,6282.8200301,1983-09-26,2026-10-01
employment,1983-09,1983-09-30,M,6316.5789157,1983-10-26,2026-10-01
employment,1983-10,1983-10-31,M,6317.0623304,1983-11-26,2026-10-01
employment,1983-11,1983-11-30,M,6354.009642,1983-12-26,2026-10-01
employment,1983-12,1983-12-31,M,6378.7640454,1984-01-26,2026-10-01
employment,1984-01,1984-01-31,M,6379.8031314,1984-02-26,2026-10-01
employment,1984-02,1984-02-29,M,6391.8594752,1984-03-26,2026-10-01
employment,1984-03,1984-03-31,M,6447.4616116,1984-04-26,2026-10-01
employment,1984-04,1984-04-30,M,6453.9202309,1984-05-26,2026-10-01
employment,1984-05,1984-05-31,M,6479.3204584,1984-06-26,2026-10-01
employment,1984-06,1984-06-30,M,6501.3986593,1984-07-26,2026-10-01
employment,1984-07,1984-07-31,M,6510.3646321,1984-08-26,2026-10-01
employment,1984-08,1984-08-31,M,6507.8057305,1984-09-26,2026-10-01
employment,1984-09,1984-09-30,M,6537.782972,1984-10-26,2026-10-01
employment,1984-10,1984-10-31,M,6534.5031663,1984-11-26,2026-10-01
employment,1984-11,1984-11-30,M,6549.7930477,1984-12-26,2026-10-01
employment,1984-12,1984-12-31,M,6553.5424773,1985-01-26,2026-10-01
employment,1985-01,1985-01-31,M,6561.1853127,1985-02-26,2026-10-01
employment,1985-02,1985-02-28,M,6625.9342014,1985-03-26,2026-10-01
employment,1985-03,1985-03-31,M,6600.8430573,1985-04-26,2026-10-01
employment,1985-04,1985-04-30,M,6611.0366148,1985-05-26,2026-10-01
employment,1985-05,1985-05-31,M,6646.0032148,1985-06-26,2026-10-01
employment,1985-06,1985-06-30,M,6659.9332044,1985-07-26,2026-10-01
employment,1985-07,1985-07-31,M,6685.2113139,1985-08-26,2026-10-01
employment,1985-08,1985-08-31,M,6727.2064475,1985-09-26,2026-10-01
employment,1985-09,1985-09-30,M,6771.5098418,1985-10-26,2026-10-01
employment,1985-10,1985-10-31,M,6755.9761931,1985-11-26,2026-10-01
employment,1985-11,1985-11-30,M,6855.0298005,1985-12-26,2026-10-01
employment,1985-12,1985-12-31,M,6822.4113175,1986-01-26,2026-10-01
employment,1986-01,1986-01-31,M,6869.0512396,1986-02-26,2026-10-01
employment,1986-02,1986-02-28,M,6891.9664354,1986-03-26,2026-10-01
employment,1986-03,1986-03-31,M,6902.5400984,1986-04-26,2026-10-01
employment,1986-04,1986-04-30,M,6971.1702875,1986-05-26,2026-10-01
employment,1986-05,1986-05-31,M,6964.839548,1986-06-26,2026-10-01
employment,1986-06,1986-06-30,M,7005.168502,1986-07-26,2026-10-01
employment,1986-07,1986-07-31,M,6987.3617556,1986-08-26,2026-10-01
employment,1986-08,1986-08-31,M,6968.873671,1986-09-26,2026-10-01
employment,1986-09,1986-09-30,M,6994.0631269,1986-10-26,2026-10-01
employment,1986-10,1986-10-31,M,7018.5781781,1986-11-26,2026-10-01
employment,1986-11,1986-11-30,M,7007.776321,1986-12-26,2026-10-01
employment,1986-12,1986-12-31,M,7024.3359693,1987-01-26,2026-10-01
employment,1987-01,1987-01-31,M,7024.643438,1987-02-26,2026-10-01
employment,1987-02,1987-02-28,M,7056.3622042,1987-03-26,2026-10-01
employment,1987-03,1987-03-31,M,7070.1132998,1987-04-26,2026-10-01
employment,1987-04,1987-04-30,M,7084.3270599,1987-05-26,2026-10-01
employment,1987-05,1987-05-31,M,7089.6305627,1987-06-26,2026-10-01
employment,1987-06,1987-06-30,M,7125.208601,1987-07-26,2026-10-01
employment,1987-07,1987-07-31,M,7171.0728267,1987-08-26,2026-10-01
employment,1987-08,1987-08-31,M,7149.1941632,1987-09-26,2026-10-01
employment,1987-09,1987-09-30,M,7137.3332214,1987-10-26,2026-10-01
employment,1987-10,1987-10-31,M,7166.9422504,1987-11-26,2026-10-01
employment,1987-11,1987-11-30,M,7156.9096969,1987-12-26,2026-10-01
employment,1987-12,1987-12-31,M,7234.614892,1988-01-26,2026-10-01
employment,1988-01,1988-01-31,M,7296.2873046,1988-02-26,2026-10-01
employment,1988-02,1988-02-29,M,7281.7864307,1988-03-26,2026-10-01
employment,1988-03,1988-03-31,M,7329.6657458,1988-04-26,2026-10-01
employment,1988-04,1988-04-30,M,7359.5966607,1988-05-26,2026-10-01
employment,1988-05,1988-05-31,M,7342.9203529,1988-06-26,2026-10-01
employment,1988-06,1988-06-30,M,7360.3647712,1988-07-26,2026-10-01
employment,1988-07,1988-07-31,M,7377.9826446,1988-08-26,2026-10-01
employment,1988-08,1988-08-31,M,7407.8899658,1988-09-26,2026-10-01
employment,1988-09,1988-09-30,M,7450.969517,1988-10-26,2026-10-01
employment,1988-10,1988-10-31,M,7466.1932417,1988-11-26,2026-10-01
employment,1988-11,1988-11-30,M,7487.4128361,1988-12-26,2026-10-01
employment,1988-12,1988-12-31,M,7521.2612058,1989-01-26,2026-10-01
employment,1989-01,1989-01-31,M,7554.6944682,1989-02-26,2026-10-01
employment,1989-02,1989-02-28,M,7605.0371972,1989-03-26,2026-10-01
employment,1989-03,1989-03-31,M,7623.638515,1989-04-26,2026-10-01
employment,1989-04,1989-04-30,M,7655.4115069,1989-05-26,2026-10-01
employment,1989-05,1989-05-31,M,7711.0925882,1989-06-26,2026-10-01
employment,1989-06,1989-06-30,M,7710.426077,1989-07-26,2026-10-01
employment,1989-07,1989-07-31,M,7735.4097184,1989-08-26,2026-10-01
employment,1989-08,1989-08-31,M,7773.984198,1989-09-26,2026-10-01
employment,1989-09,1989-09-30,M,7783.4558808,1989-10-26,2026-10-01
employment,1989-10,1989-10-31,M,7791.7351274,1989-11-26,2026-10-01
employment,1989-11,1989-11-30,M,7844.3141008,1989-12-26,2026-10-01
employment,1989-12,1989-12-31,M,7829.6414929,1990-01-26,2026-10-01
employment,1990-01,1990-01-31,M,7841.7918097,1990-02-26,2026-10-01
employment,1990-02,1990-02-28,M,7846.2879217,1990-03-26,2026-10-01
employment,1990-03,1990-03-31,M,7861.0348693,1990-04-26,2026-10-01
employment,1990-04,1990-04-30,M,7865.7639648,1990-05-26,2026-10-01
employment,1990-05,1990-05-31,M,7899.3143202,1990-06-26,2026-10-01
employment,1990-06,1990-06-30,M,7899.8705337,1990-07-26,2026-10-01
employment,1990-07,1990-07-31,M,7898.0985285,1990-08-26,2026-10-01
employment,1990-08,1990-08-31,M,7868.3791008,1990-09-26,2026-10-01
employment,1990-09,1990-09-30,M,7844.0041218,1990-10-26,2026-10-01
employment,1990-10,1990-10-31,M,7829.4384816,1990-11-26,2026-10-01
employment,1990-11,1990-11-30,M,7809.5819875,1990-12-26,2026-10-01
employment,1990-12,1990-12-31,M,7812.8039136,1991-01-26,2026-10-01
employment,1991-01,1991-01-31,M,7743.8726744,1991-02-26,2026-10-01
employment,1991-02,1991-02-28,M,7757.7834828,1991-03-26,2026-10-01
employment,1991-03,1991-03-31,M,7701.3348196,1991-04-26,2026-10-01
employment,1991-04,1991-04-30,M,7695.6680078,1991-05-26,2026-10-01
employment,1991-05,1991-05-31,M,7693.8117593,1991-06-26,2026-10-01
employment,1991-06,1991-06-30,M,7658.5064527,1991-07-26,2026-10-01
employment,1991-07,1991-07-31,M,7626.4247935,1991-08-26,2026-10-01
employment,1991-08,1991-08-31,M,7638.7335552,1991-09-26,2026-10-01
employment,1991-09,1991-09-30,M,7645.1182632,1991-10-26,2026-10-01
employment,1991-10,1991-10-31,M,7615.9820628,1991-11-26,2026-10-01
employment,1991-11,1991-11-30,M,7596.8194194,1991-12-26,2026-10-01
employment,1991-12,1991-12-31,M,7616.7478054,1992-01-26,2026-10-01
employment,1992-01,1992-01-31,M,7630.5265397,1992-02-26,2026-10-01
employment,1992-02,1992-02-29,M,7649.9392943,1992-03-26,2026-10-01
employment,1992-03,1992-03-31,M,7630.8631587,1992-04-26,2026-10-01
employment,1992-04,1992-04-30,M,7624.2239648,1992-05-26,2026-10-01
employment,1992-05,1992-05-31,M,7620.8153567,1992-06-26,2026-10-01
employment,1992-06,1992-06-30,M,7633.3377847,1992-07-26,2026-10-01
employment,1992-07,1992-07-31,M,7651.1729449,1992-08-26,2026-10-01
employment,1992-08,1992-08-31,M,7670.0053032,1992-09-26,2026-10-01
employment,1992-09,1992-09-30,M,7635.094846,1992-10-26,2026-10-01
employment,1992-10,1992-10-31,M,7644.1394522,1992-11-26,2026-10-01
employment,1992-11,1992-11-30,M,7569.1046208,1992-12-26,2026-10-01
employment,1992-12,1992-12-31,M,7599.4201282,1993-01-26,2026-10-01
employment,1993-01,1993-01-31,M,7650.5185485,1993-02-26,2026-10-01
employment,1993-02,1993-02-28,M,7581.7418038,1993-03-26,2026-10-01
employment,1993-03,1993-03-31,M,7631.2717066,1993-04-26,2026-10-01
employment,1993-04,1993-04-30,M,7612.1024233,1993-05-26,2026-10-01
employment,1993-05,1993-05-31,M,7613.1188122,1993-06-26,2026-10-01
employment,1993-06,1993-06-30,M,7625.9655696,1993-07-26,2026-10-01
employment,1993-07,1993-07-31,M,7628.0867707,1993-08-26,2026-10-01
employment,1993-08,1993-08-31,M,7650.4939564,1993-09-26,2026-10-01
employment,1993-09,1993-09-30,M,7670.2759911,1993-10-26,2026-10-01
employment,1993-10,1993-10-31,M,7718.9902697,1993-11-26,2026-10-01
employment,1993-11,1993-11-30,M,7729.4834496,1993-12-26,2026-10-01
employment,1993-12,1993-12-31,M,7745.2997509,1994-01-26,2026-10-01
employment,1994-01,1994-01-31,M,7765.9884408,1994-02-26,2026-10-01
employment,1994-02,1994-02-28,M,7789.4611227,1994-03-26,2026-10-01
employment,1994-03,1994-03-31,M,7808.6063472,1994-04-26,2026-10-01
employment,1994-04,1994-04-30,M,7811.4310105,1994-05-26,2026-10-01
employment,1994-05,1994-05-31,M,7853.292768,1994-06-26,2026-10-01
employment,1994-06,1994-06-30,M,7875.2012552,1994-07-26,2026-10-01
employment,1994-07,1994-07-31,M,7948.2235668,1994-08-26,2026-10-01
employment,1994-08,1994-08-31,M,7931.7966128,1994-09-26,2026-10-01
employment,1994-09,1994-09-30,M,7981.2957812,1994-10-26,2026-10-01
employment,1994-10,1994-10-31,M,7978.175177,1994-11-26,2026-10-01
employment,1994-11,1994-11-30,M,7989.8502281,1994-12-26,2026-10-01
employment,1994-12,1994-12-31,M,8034.0067881,1995-01-26,2026-10-01
employment,1995-01,1995-01-31,M,8050.1117482,1995-02-26,2026-10-01
employment,1995-02,1995-02-28,M,8098.6613278,1995-03-26,2026-10-01
employment,1995-03,1995-03-31,M,8102.0217828,1995-04-26,2026-10-01
employment,1995-04,1995-04-30,M,8159.7376494,1995-05-26,2026-10-01
employment,1995-05,1995-05-31,M,8166.0580345,1995-06-26,2026-10-01
employment,1995-06,1995-06-30,M,8200.821642,1995-07-26,2026-10-01
employment,1995-07,1995-07-31,M,8207.5925633,1995-08-26,2026-10-01
employment,1995-08,1995-08-31,M,8236.0046693,1995-09-26,2026-10-01
employment,1995-09,1995-09-30,M,8224.3221487,1995-10-26,2026-10-01
employment,1995-10,1995-10-31,M,8213.9495049,1995-11-26,2026-10-01
employment,1995-11,1995-11-30,M,8287.8698907,1995-12-26,2026-10-01
employment,1995-12,1995-12-31,M,8289.2378355,1996-01-26,2026-10-01
employment,1996-01,1996-01-31,M,8291.2838497,1996-02-26,2026-10-01
employment,1996-02,1996-02-29,M,8292.52542,1996-03-26,2026-10-01
employment,1996-03,1996-03-31,M,8266.0838227,1996-04-26,2026-10-01
employment,1996-04,1996-04-30,M,8295.9894366,1996-05-26,2026-10-01
employment,1996-05,1996-05-31,M,8301.4997494,1996-06-26,2026-10-01
employment,1996-06,1996-06-30,M,8305.0661087,1996-07-26,2026-10-01
employment,1996-07,1996-07-31,M,8307.2712142,1996-08-26,2026-10-01
employment,1996-08,1996-08-31,M,8305.5164941,1996-09-26,2026-10-01
employment,1996-09,1996-09-30,M,8295.5325065,1996-10-26,2026-10-01
employment,1996-10,1996-10-31,M,8301.4804404,1996-11-26,2026-10-01
employment,1996-11,1996-11-30,M,8300.4942287,1996-12-26,2026-10-01
employment,1996-12,1996-12-31,M,8324.0655446,1997-01-26,2026-10-01
employment,1997-01,1997-01-31,M,8333.0187201,1997-02-26,2026-10-01
employment,1997-02,1997-02-28,M,8334.6019583,1997-03-26,2026-10-01
employment,1997-03,1997-03-31,M,8337.8104505,1997-04-26,2026-10-01
employment,1997-04,1997-04-30,M,8330.6793746,1997-05-26,2026-10-01
employment,1997-05,1997-05-31,M,8334.8270158,1997-06-26,2026-10-01
employment,1997-06,1997-06-30,M,8335.938106,1997-07-26,2026-10-01
employment,1997-07,1997-07-31,M,8346.8151462,1997-08-26,2026-10-01
employment,1997-08,1997-08-31,M,8333.0325719,1997-09-26,2026-10-01
employment,1997-09,1997-09-30,M,8395.6777229,1997-10-26,2026-10-01
employment,1997-10,1997-10-31,M,8388.64526,1997-11-26,2026-10-01
employment,1997-11,1997-11-30,M,8447.0714656,1997-12-26,2026-10-01
employment,1997-12,1997-12-31,M,8432.5481703,1998-01-26,2026-10-01
employment,1998-01,1998-01-31,M,8438.8100241,1998-02-26,2026-10-01
employment,1998-02,1998-02-28,M,8452.9702972,1998-03-26,2026-10-01
employment,1998-03,1998-03-31,M,8456.0962872,1998-04-26,2026-10-01
employment,1998-04,1998-04-30,M,8488.3996339,1998-05-26,2026-10-01
employment,1998-05,1998-05-31,M,8486.5744065,1998-06-26,2026-10-01
employment,1998-06,1998-06-30,M,8506.4257495,1998-07-26,2026-10-01
employment,1998-07,1998-07-31,M,8518.7255109,1998-08-26,2026-10-01
employment,1998-08,1998-08-31,M,8530.5656083,1998-09-26,2026-10-01
employment,1998-09,1998-09-30,M,8574.7384675,1998-10-26,2026-10-01
employment,1998-10,1998-10-31,M,8585.1676563,1998-11-26,2026-10-01
employment,1998-11,1998-11-30,M,8564.3364524,1998-12-26,2026-10-01
employment,1998-12,1998-12-31,M,8585.7979908,1999-01-26,2026-10-01
employment,1999-01,1999-01-31,M,8586.3071186,1999-02-26,2026-10-01
employment,1999-02,1999-02-28,M,8593.9791197,1999-03-26,2026-10-01
employment,1999-03,1999-03-31,M,8620.7578665,1999-04-26,2026-10-01
employment,1999-04,1999-04-30,M,8622.4541045,1999-05-26,2026-10-01
employment,1999-05,1999-05-31,M,8610.6242723,1999-06-26,2026-10-01
employment,1999-06,1999-06-30,M,8661.746911,1999-07-26,2026-10-01
employment,1999-07,1999-07-31,M,8679.8526731,1999-08-26,2026-10-01
employment,1999-08,1999-08-31,M,8687.5226965,1999-09-26,2026-10-01
employment,1999-09,1999-09-30,M,8701.2570257,1999-10-26,2026-10-01
employment,1999-10,1999-10-31,M,8741.2335378,1999-11-26,2026-10-01
employment,1999-11,1999-11-30,M,8751.236176,1999-12-26,2026-10-01
employment,1999-12,1999-12-31,M,8785.5587876,2000-01-26,2026-10-01
employment,2000-01,2000-01-31,M,8739.5900013,2000-02-26,2026-10-01
employment,2000-02,2000-02-29,M,8788.7110007,2000-03-26,2026-10-01
employment,2000-03,2000-03-31,M,8836.8440153,2000-04-26,2026-10-01
employment,2000-04,2000-04-30,M,8873.6191577,2000-05-26,2026-10-01
employment,2000-05,2000-05-31,M,8869.7712649,2000-06-26,2026-10-01
employment,2000-06,2000-06-30,M,8909.9403382,2000-07-26,2026-10-01
employment,2000-07,2000-07-31,M,8991.7723467,2000-08-26,2026-10-01
employment,2000-08,2000-08-31,M,8988.5084251,2000-09-26,2026-10-01
employment,2000-09,2000-09-30,M,8985.1533697,2000-10-26,2026-10-01
employment,2000-10,2000-10-31,M,8960.1789838,2000-11-26,2026-10-01
employment,2000-11,2000-11-30,M,8902.7394749,2000-12-26,2026-10-01
employment,2000-12,2000-12-31,M,8944.1816448,2001-01-26,2026-10-01
employment,2001-01,2001-01-31,M,8957.6950189,2001-02-26,2026-10-01
employment,2001-02,2001-02-28,M,8953.8440549,2001-03-26,2026-10-01
employment,2001-03,2001-03-31,M,8963.7696997,2001-04-26,2026-10-01
employment,2001-04,2001-04-30,M,9014.5452207,2001-05-26,2026-10-01
employment,2001-05,2001-05-31,M,9007.724512,2001-06-26,2026-10-01
employment,2001-06,2001-06-30,M,9004.5885422,2001-07-26,2026-10-01
employment,2001-07,2001-07-31,M,9024.2390654,2001-08-26,2026-10-01
employment,2001-08,2001-08-31,M,9046.5942791,2001-09-26,2026-10-01
employment,2001-09,2001-09-30,M,9026.5444364,2001-10-26,2026-10-01
employment,2001-10,2001-10-31,M,9045.6966965,2001-11-26,2026-10-01
employment,2001-11,2001-11-30,M,9078.3500715,2001-12-26,2026-10-01
employment,2001-12,2001-12-31,M,9064.7465569,2002-01-26,2026-10-01
employment,2002-01,2002-01-31,M,9082.9264108,2002-02-26,2026-10-01
employment,2002-02,2002-02-28,M,9126.6454088,2002-03-26,2026-10-01
employment,2002-03,2002-03-31,M,9132.1326096,2002-04-26,2026-10-01
employment,2002-04,2002-04-30,M,9119.2658094,2002-05-26,2026-10-01
employment,2002-05,2002-05-31,M,9134.8538216,2002-06-26,2026-10-01
employment,2002-06,2002-06-30,M,9160.8810626,2002-07-26,2026-10-01
employment,2002-07,2002-07-31,M,9166.8272114,2002-08-26,2026-10-01
employment,2002-08,2002-08-31,M,9223.9301533,2002-09-26,2026-10-01
employment,2002-09,2002-09-30,M,9225.5227122,2002-10-26,2026-10-01
employment,2002-10,2002-10-31,M,9234.3885518,2002-11-26,2026-10-01
employment,2002-11,2002-11-30,M,9283.5893934,2002-12-26,2026-10-01
employment,2002-12,2002-12-31,M,9327.4258225,2003-01-26,2026-10-01
employment,2003-01,2003-01-31,M,9378.4119361,2003-02-26,2026-10-01
employment,2003-02,2003-02-28,M,9405.7784252,2003-03-26,2026-10-01
employment,2003-03,2003-03-31,M,9359.6402721,2003-04-26,2026-10-01
employment,2003-04,2003-04-30,M,9357.6124778,2003-05-26,2026-10-01
employment,2003-05,2003-05-31,M,9375.1976113,2003-06-26,2026-10-01
employment,2003-06,2003-06-30,M,9351.9149305,2003-07-26,2026-10-01
employment,2003-07,2003-07-31,M,9342.9102763,2003-08-26,2026-10-01
employment,2003-08,2003-08-31,M,9400.0693596,2003-09-26,2026-10-01
employment,2003-09,2003-09-30,M,9408.1428719,2003-10-26,2026-10-01
employment,2003-10,2003-10-31,M,9431.772743,2003-11-26,2026-10-01
employment,2003-11,2003-11-30,M,9427.9631096,2003-12-26,2026-10-01
employment,2003-12,2003-12-31,M,9459.8889096,2004-01-26,2026-10-01
employment,2004-01,2004-01-31,M,9460.2403248,2004-02-26,2026-10-01
employment,2004-02,2004-02-29,M,9465.1973061,2004-03-26,2026-10-01
employment,2004-03,2004-03-31,M,9498.8121072,2004-04-26,2026-10-01
employment,2004-04,2004-04-30,M,9508.4825123,2004-05-26,2026-10-01
employment,2004-05,2004-05-31,M,9524.3065932,2004-06-26,2026-10-01
employment,2004-06,2004-06-30,M,9529.3345656,2004-07-26,2026-10-01
employment,2004-07,2004-07-31,M,9537.6331882,2004-08-26,2026-10-01
employment,2004-08,2004-08-31,M,9534.9559801,2004-09-26,2026-10-01
employment,2004-09,2004-09-30,M,9591.168295,2004-10-26,2026-10-01
employment,2004-10,2004-10-31,M,9645.303867,2004-11-26,2026-10-01
employment,2004-11,2004-11-30,M,9683.3286785,2004-12-26,2026-10-01
employment,2004-12,2004-12-31,M,9692.2824436,2005-01-26,2026-10-01
employment,2005-01,2005-01-31,M,9744.9412947,2005-02-26,2026-10-01
employment,2005-02,2005-02-28,M,9774.7589847,2005-03-26,2026-10-01
employment,2005-03,2005-03-31,M,9816.1338985,2005-04-26,2026-10-01
employment,2005-04,2005-04-30,M,9854.8281802,2005-05-26,2026-10-01
employment,2005-05,2005-05-31,M,9838.7613973,2005-06-26,2026-10-01
employment,2005-06,2005-06-30,M,9885.2600436,2005-07-26,2026-10-01
employment,2005-07,2005-07-31,M,9899.9830783,2005-08-26,2026-10-01
employment,2005-08,2005-08-31,M,9944.1769467,2005-09-26,2026-10-01
employment,2005-09,2005-09-30,M,9927.9682989,2005-10-26,2026-10-01
employment,2005-10,2005-10-31,M,9932.5420853,2005-11-26,2026-10-01
employment,2005-11,2005-11-30,M,9941.9966955,2005-12-26,2026-10-01
employment,2005-12,2005-12-31,M,9957.1607068,2006-01-26,2026-10-01
employment,2006-01,2006-01-31,M,9957.8163128,2006-02-26,2026-10-01
employment,2006-02,2006-02-28,M,9992.6835898,2006-03-26,2026-10-01
employment,2006-03,2006-03-31,M,10034.0705956,2006-04-26,2026-10-01
employment,2006-04,2006-04-30,M,10041.1842762,2006-05-26,2026-10-01
employment,2006-05,2006-05-31,M,10068.8940182,2006-06-26,2026-10-01
employment,2006-06,2006-06-30,M,10108.9750511,2006-07-26,2026-10-01
employment,2006-07,2006-07-31,M,10160.7375812,2006-08-26,2026-10-01
employment,2006-08,2006-08-31,M,10179.1029891,2006-09-26,2026-10-01
employment,2006-09,2006-09-30,M,10223.0263671,2006-10-26,2026-10-01
employment,2006-10,2006-10-31,M,10195.3807802,2006-11-26,2026-10-01
employment,2006-11,2006-11-30,M,10229.3871688,2006-12-26,2026-10-01
employment,2006-12,2006-12-31,M,10282.0554752,2007-01-26,2026-10-01
employment,2007-01,2007-01-31,M,10279.6776276,2007-02-26,2026-10-01
employment,2007-02,2007-02-28,M,10307.8526035,2007-03-26,2026-10-01
employment,2007-03,2007-03-31,M,10336.6843294,2007-04-26,2026-10-01
employment,2007-04,2007-04-30,M,10365.7993268,2007-05-26,2026-10-01
employment,2007-05,2007-05-31,M,10401.3222395,2007-06-26,2026-10-01
employment,2007-06,2007-06-30,M,10423.9566884,2007-07-26,2026-10-01
employment,2007-07,2007-07-31,M,10446.5524567,2007-08-26,2026-10-01
employment,2007-08,2007-08-31,M,10484.2820574,2007-09-26,2026-10-01
employment,2007-09,2007-09-30,M,10513.4964338,2007-10-26,2026-10-01
employment,2007-10,2007-10-31,M,10503.8601051,2007-11-26,2026-10-01
employment,2007-11,2007-11-30,M,10561.1875927,2007-12-26,2026-10-01
employment,2007-12,2007-12-31,M,10581.9352659,2008-01-26,2026-10-01
employment,2008-01,2008-01-31,M,10608.8824733,2008-02-26,2026-10-01
employment,2008-02,2008-02-29,M,10648.9935341,2008-03-26,2026-10-01
employment,2008-03,2008-03-31,M,10669.5425277,2008-04-26,2026-10-01
employment,2008-04,2008-04-30,M,10708.1497419,2008-05-26,2026-10-01
employment,2008-05,2008-05-31,M,10679.697825,2008-06-26,2026-10-01
employment,2008-06,2008-06-30,M,10733.0854797,2008-07-26,2026-10-01
employment,2008-07,2008-07-31,M,10751.0302325,2008-08-26,2026-10-01
employment,2008-08,2008-08-31,M,10793.2766522,2008-09-26,2026-10-01
employment,2008-09,2008-09-30,M,10777.652352,2008-10-26,2026-10-01
employment,2008-10,2008-10-31,M,10787.2183076,2008-11-26,2026-10-01
employment,2008-11,2008-11-30,M,10780.602742,2008-12-26,2026-10-01
employment,2008-12,2008-12-31,M,10788.8252546,2009-01-26,2026-10-01
employment,2009-01,2009-01-31,M,10790.6361848,2009-02-26,2026-10-01
employment,2009-02,2009-02-28,M,10804.6345098,2009-03-26,2026-10-01
employment,2009-03,2009-03-31,M,10770.3296416,2009-04-26,2026-10-01
employment,2009-04,2009-04-30,M,10794.0351612,2009-05-26,2026-10-01
employment,2009-05,2009-05-31,M,10772.2669837,2009-06-26,2026-10-01
employment,2009-06,2009-06-30,M,10754.9048442,2009-07-26,2026-10-01
employment,2009-07,2009-07-31,M,10798.9814994,2009-08-26,2026-10-01
employment,2009-08,2009-08-31,M,10789.2302631,2009-09-26,2026-10-01
employment,2009-09,2009-09-30,M,10810.0262247,2009-10-26,2026-10-01
employment,2009-10,2009-10-31,M,10820.3431949,2009-11-26,2026-10-01
employment,2009-11,2009-11-30,M,10850.3758742,2009-12-26,2026-10-01
employment,2009-12,2009-12-31,M,10887.079086,2010-01-26,2026-10-01
employment,2010-01,2010-01-31,M,10936.8535888,2010-02-26,2026-10-01
employment,2010-02,2010-02-28,M,10920.4498336,2010-03-26,2026-10-01
employment,2010-03,2010-03-31,M,10925.2948546,2010-04-26,2026-10-01
employment,2010-04,2010-04-30,M,10937.0771902,2010-05-26,2026-10-01
employment,2010-05,2010-05-31,M,10938.4125022,2010-06-26,2026-10-01
employment,2010-06,2010-06-30,M,10992.5560373,2010-07-26,2026-10-01
employment,2010-07,2010-07-31,M,11018.6574265,2010-08-26,2026-10-01
employment,2010-08,2010-08-31,M,11060.8130951,2010-09-26,2026-10-01
employment,2010-09,2010-09-30,M,11087.2887636,2010-10-26,2026-10-01
employment,2010-10,2010-10-31,M,11104.2427971,2010-11-26,2026-10-01
employment,2010-11,2010-11-30,M,11162.7483022,2010-12-26,2026-10-01
employment,2010-12,2010-12-31,M,11169.0035212,2011-01-26,2026-10-01
employment,2011-01,2011-01-31,M,11201.7253506,2011-02-26,2026-10-01
employment,2011-02,2011-02-28,M,11175.8885438,2011-03-26,2026-10-01
employment,2011-03,2011-03-31,M,11214.7052965,2011-04-26,2026-10-01
employment,2011-04,2011-04-30,M,11181.9523224,2011-05-26,2026-10-01
employment,2011-05,2011-05-31,M,11172.2595861,2011-06-26,2026-10-01
employment,2011-06,2011-06-30,M,11205.4278881,2011-07-26,2026-10-01
employment,2011-07,2011-07-31,M,11209.2672322,2011-08-26,2026-10-01
employment,2011-08,2011-08-31,M,11218.8103385,2011-09-26,2026-10-01
employment,2011-09,2011-09-30,M,11246.0162981,2011-10-26,2026-10-01
employment,2011-10,2011-10-31,M,11249.0232896,2011-11-26,2026-10-01
employment,2011-11,2011-11-30,M,11252.3625708,2011-12-26,2026-10-01
employment,2011-12,2011-12-31,M,11231.4774951,2012-01-26,2026-10-01
employment,2012-01,2012-01-31,M,11308.3949237,2012-02-26,2026-10-01
employment,2012-02,2012-02-29,M,11271.5173611,2012-03-26,2026-10-01
employment,2012-03,2012-03-31,M,11332.9506378,2012-04-26,2026-10-01
employment,2012-04,2012-04-30,M,11321.436246,2012-05-26,2026-10-01
employment,2012-05,2012-05-31,M,11363.5330149,2012-06-26,2026-10-01
employment,2012-06,2012-06-30,M,11338.3232094,2012-07-26,2026-10-01
employment,2012-07,2012-07-31,M,11348.0651415,2012-08-26,2026-10-01
employment,2012-08,2012-08-31,M,11361.1950268,2012-09-26,2026-10-01
employment,2012-09,2012-09-30,M,11390.0855033,2012-10-26,2026-10-01
employment,2012-10,2012-10-31,M,11390.747137,2012-11-26,2026-10-01
employment,2012-11,2012-11-30,M,11384.6466985,2012-12-26,2026-10-01
employment,2012-12,2012-12-31,M,11396.4129162,2013-01-26,2026-10-01
employment,2013-01,2013-01-31,M,11469.8293763,2013-02-26,2026-10-01
employment,2013-02,2013-02-28,M,11468.2576034,2013-03-26,2026-10-01
employment,2013-03,2013-03-31,M,11434.5937659,2013-04-26,2026-10-01
employment,2013-04,2013-04-30,M,11466.6641831,2013-05-26,2026-10-01
employment,2013-05,2013-05-31,M,11457.0838081,2013-06-26,2026-10-01
employment,2013-06,2013-06-30,M,11469.8934729,2013-07-26,2026-10-01
employment,2013-07,2013-07-31,M,11456.7577912,2013-08-26,2026-10-01
employment,2013-08,2013-08-31,M,11460.2536959,2013-09-26,2026-10-01
employment,2013-09,2013-09-30,M,11474.3315279,2013-10-26,2026-10-01
employment,2013-10,2013-10-31,M,11470.2654081,2013-11-26,2026-10-01
employment,2013-11,2013-11-30,M,11448.7075066,2013-12-26,2026-10-01
employment,2013-12,2013-12-31,M,11418.8306413,2014-01-26,2026-10-01
employment,2014-01,2014-01-31,M,11452.9447088,2014-02-26,2026-10-01
employment,2014-02,2014-02-28,M,11478.387887,2014-03-26,2026-10-01
employment,2014-03,2014-03-31,M,11531.7201799,2014-04-26,2026-10-01
employment,2014-04,2014-04-30,M,11537.2544642,2014-05-26,2026-10-01
employment,2014-05,2014-05-31,M,11512.2587172,2014-06-26,2026-10-01
employment,2014-06,2014-06-30,M,11528.3883495,2014-07-26,2026-10-01
employment,2014-07,2014-07-31,M,11544.9041652,2014-08-26,2026-10-01
employment,2014-08,2014-08-31,M,11547.9048445,2014-09-26,2026-10-01
employment,2014-09,2014-09-30,M,11546.1857805,2014-10-26,2026-10-01
employment,2014-10,2014-10-31,M,11541.9921382,2014-11-26,2026-10-01
employment,2014-11,2014-11-30,M,11541.6939965,2014-12-26,2026-10-01
employment,2014-12,2014-12-31,M,11598.4707199,2015-01-26,2026-10-01
employment,2015-01,2015-01-31,M,11607.99336,2015-02-26,2026-10-01
employment,2015-02,2015-02-28,M,11673.2799099,2015-03-26,2026-10-01
employment,2015-03,2015-03-31,M,11693.0099436,2015-04-26,2026-10-01
employment,2015-04,2015-04-30,M,11691.4774093,2015-05-26,2026-10-01
employment,2015-05,2015-05-31,M,11732.9984548,2015-06-26,2026-10-01
employment,2015-06,2015-06-30,M,11727.0458142,2015-07-26,2026-10-01
employment,2015-07,2015-07-31,M,11760.1205642,2015-08-26,2026-10-01
employment,2015-08,2015-08-31,M,11762.8939544,2015-09-26,2026-10-01
employment,2015-09,2015-09-30,M,11783.0571483,2015-10-26,2026-10-01
employment,2015-10,2015-10-31,M,11860.4539628,2015-11-26,2026-10-01
employment,2015-11,2015-11-30,M,11893.1541722,2015-12-26,2026-10-01
employment,2015-12,2015-12-31,M,11907.512519,2016-01-26,2026-10-01
employment,2016-01,2016-01-31,M,11912.2053563,2016-02-26,2026-10-01
employment,2016-02,2016-02-29,M,11925.8440636,2016-03-26,2026-10-01
employment,2016-03,2016-03-31,M,11941.1998642,2016-04-26,2026-10-01
employment,2016-04,2016-04-30,M,11947.4866705,2016-05-26,2026-10-01
employment,2016-05,2016-05-31,M,11941.261096,2016-06-26,2026-10-01
employment,2016-06,2016-06-30,M,11962.4173562,2016-07-26,2026-10-01
employment,2016-07,2016-07-31,M,11995.7307139,2016-08-26,2026-10-01
employment,2016-08,2016-08-31,M,11954.3862059,2016-09-26,2026-10-01
employment,2016-09,2016-09-30,M,11941.6774575,2016-10-26,2026-10-01
employment,2016-10,2016-10-31,M,11960.722234,2016-11-26,2026-10-01
employment,2016-11,2016-11-30,M,11986.8744591,2016-12-26,2026-10-01
employment,2016-12,2016-12-31,M,12017.4462976,2017-01-26,2026-10-01
employment,2017-01,2017-01-31,M,12038.8652459,2017-02-26,2026-10-01
employment,2017-02,2017-02-28,M,12014.6584031,2017-03-26,2026-10-01
employment,2017-03,2017-03-31,M,12075.0322072,2017-04-26,2026-10-01
employment,2017-04,2017-04-30,M,12132.1601881,2017-05-26,2026-10-01
employment,2017-05,2017-05-31,M,12164.2655991,2017-06-26,2026-10-01
employment,2017-06,2017-06-30,M,12196.6537965,2017-07-26,2026-10-01
employment,2017-07,2017-07-31,M,12232.4634675,2017-08-26,2026-10-01
employment,2017-08,2017-08-31,M,12280.5736451,2017-09-26,2026-10-01
employment,2017-09,2017-09-30,M,12321.1776326,2017-10-26,2026-10-01
employment,2017-10,2017-10-31,M,12324.952468,2017-11-26,2026-10-01
employment,2017-11,2017-11-30,M,12367.8565522,2017-12-26,2026-10-01
employment,2017-12,2017-12-31,M,12397.6361119,2018-01-26,2026-10-01
employment,2018-01,2018-01-31,M,12437.0351616,2018-02-26,2026-10-01
employment,2018-02,2018-02-28,M,12421.2373766,2018-03-26,2026-10-01
employment,2018-03,2018-03-31,M,12441.6414918,2018-04-26,2026-10-01
employment,2018-04,2018-04-30,M,12459.6810074,2018-05-26,2026-10-01
employment,2018-05,2018-05-31,M,12451.6605495,2018-06-26,2026-10-01
employment,2018-06,2018-06-30,M,12521.3722555,2018-07-26,2026-10-01
employment,2018-07,2018-07-31,M,12522.3376631,2018-08-26,2026-10-01
employment,2018-08,2018-08-31,M,12584.831527,2018-09-26,2026-10-01
employment,2018-09,2018-09-30,M,12601.2714789,2018-10-26,2026-10-01
employment,2018-10,2018-10-31,M,12624.410456,2018-11-26,2026-10-01
employment,2018-11,2018-11-30,M,12643.9654711,2018-12-26,2026-10-01
employment,2018-12,2018-12-31,M,12669.6783666,2019-01-26,2026-10-01
employment,2019-01,2019-01-31,M,12713.9649522,2019-02-26,2026-10-01
employment,2019-02,2019-02-28,M,12724.4728389,2019-03-26,2026-10-01
employment,2019-03,2019-03-31,M,12748.0414494,2019-04-26,2026-10-01
employment,2019-04,2019-04-30,M,12784.8952218,2019-05-26,2026-10-01
employment,2019-05,2019-05-31,M,12791.151406,2019-06-26,2026-10-01
employment,2019-06,2019-06-30,M,12803.7881619,2019-07-26,2026-10-01
employment,2019-07,2019-07-31,M,12836.7811817,2019-08-26,2026-10-01
employment,2019-08,2019-08-31,M,12882.1376845,2019-09-26,2026-10-01
employment,2019-09,2019-09-30,M,12902.9422874,2019-10-26,2026-10-01
employment,2019-10,2019-10-31,M,12853.3789396,2019-11-26,2026-10-01
employment,2019-11,2019-11-30,M,12873.7252653,2019-12-26,2026-10-01
employment,2019-12,2019-12-31,M,12923.4270275,2020-01-26,2026-10-01
employment,2020-01,2020-01-31,M,12930.2273654,2020-02-26,2026-10-01
employment,2020-02,2020-02-29,M,12929.7927809,2020-03-26,2026-10-01
employment,2020-03,2020-03-31,M,12924.7571747,2020-04-26,2026-10-01
employment,2020-04,2020-04-30,M,12346.0302042,2020-05-26,2026-10-01
employment,2020-05,2020-05-31,M,12050.7463977,2020-06-26,2026-10-01
employment,2020-06,2020-06-30,M,12278.9756,2020-07-26,2026-10-01
employment,2020-07,2020-07-31,M,12416.0462792,2020-08-26,2026-10-01
employment,2020-08,2020-08-31,M,12551.6338737,2020-09-26,2026-10-01
employment,2020-09,2020-09-30,M,12520.0918517,2020-10-26,2026-10-01
employment,2020-10,2020-10-31,M,12657.9321032,2020-11-26,2026-10-01
employment,2020-11,2020-11-30,M,12741.425986,2020-12-26,2026-10-01
employment,2020-12,2020-12-31,M,12797.1007589,2021-01-26,2026-10-01
employment,2021-01,2021-01-31,M,12840.1167932,2021-02-26,2026-10-01
employment,2021-02,2021-02-28,M,12892.4118925,2021-03-26,2026-10-01
employment,2021-03,2021-03-31,M,12951.9995257,2021-04-26,2026-10-01
employment,2021-04,2021-04-30,M,12947.2105533,2021-05-26,2026-10-01
employment,2021-05,2021-05-31,M,13037.8685264,2021-06-26,2026-10-01
employment,2021-06,2021-06-30,M,13058.0067391,2021-07-26,2026-10-01
employment,2021-07,2021-07-31,M,13084.8275948,2021-08-26,2026-10-01
employment,2021-08,2021-08-31,M,12952.133041,2021-09-26,2026-10-01
employment,2021-09,2021-09-30,M,12827.8415993,2021-10-26,2026-10-01
employment,2021-10,2021-10-31,M,12778.0585687,2021-11-26,2026-10-01
employment,2021-11,2021-11-30,M,13143.0953668,2021-12-26,2026-10-01
employment,2021-12,2021-12-31,M,13226.1578047,2022-01-26,2026-10-01
employment,2022-01,2022-01-31,M,13290.7525673,2022-02-26,2026-10-01
employment,2022-02,2022-02-28,M,13365.2208728,2022-03-26,2026-10-01
employment,2022-03,2022-03-31,M,13386.9686326,2022-04-26,2026-10-01
employment,2022-04,2022-04-30,M,13449.1897976,2022-05-26,2026-10-01
employment,2022-05,2022-05-31,M,13487.7210793,2022-06-26,2026-10-01
employment,2022-06,2022-06-30,M,13581.2748112,2022-07-26,2026-10-01
employment,2022-07,2022-07-31,M,13593.1445725,2022-08-26,2026-10-01
employment,2022-08,2022-08-31,M,13665.4308166,2022-09-26,2026-10-01
employment,2022-09,2022-09-30,M,13675.127755,2022-10-26,2026-10-01
employment,2022-10,2022-10-31,M,13713.3489921,2022-11-26,2026-10-01
employment,2022-11,2022-11-30,M,13780.2117151,2022-12-26,2026-10-01
employment,2022-12,2022-12-31,M,13777.5887672,2023-01-26,2026-10-01
employment,2023-01,2023-01-31,M,13799.3762374,2023-02-26,2026-10-01
employment,2023-02,2023-02-28,M,13837.8646392,2023-03-26,2026-10-01
employment,2023-03,2023-03-31,M,13927.7811555,2023-04-26,2026-10-01
employment,2023-04,2023-04-30,M,13928.6448079,2023-05-26,2026-10-01
employment,2023-05,2023-05-31,M,14016.68699,2023-06-26,2026-10-01
employment,2023-06,2023-06-30,M,14026.2364978,2023-07-26,2026-10-01
employment,2023-07,2023-07-31,M,14028.8574476,2023-08-26,2026-10-01
employment,2023-08,2023-08-31,M,14100.8974019,2023-09-26,2026-10-01
employment,2023-09,2023-09-30,M,14097.2672267,2023-10-26,2026-10-01
employment,2023-10,2023-10-31,M,14152.3929573,2023-11-26,2026-10-01
employment,2023-11,2023-11-30,M,14199.1673207,2023-12-26,2026-10-01
employment,2023-12,2023-12-31,M,14146.2986884,2024-01-26,2026-10-01
employment,2024-01,2024-01-31,M,14143.588479,2024-02-26,2026-10-01
employment,2024-02,2024-02-29,M,14250.0671189,2024-03-26,2026-10-01
employment,2024-03,2024-03-31,M,14228.2590081,2024-04-26,2026-10-01
employment,2024-04,2024-04-30,M,14266.5418866,2024-05-26,2026-10-01
employment,2024-05,2024-05-31,M,14295.4574676,2024-06-26,2026-10-01
employment,2024-06,2024-06-30,M,14318.6234423,2024-07-26,2026-10-01
employment,2024-07,2024-07-31,M,14378.6624933,2024-08-26,2026-10-01
employment,2024-08,2024-08-31,M,14408.768419,2024-09-26,2026-10-01
employment,2024-09,2024-09-30,M,14449.2614539,2024-10-26,2026-10-01
employment,2024-10,2024-10-31,M,14446.2403759,2024-11-26,2026-10-01
employment,2024-11,2024-11-30,M,14462.7415761,2024-12-26,2026-10-01
employment,2024-12,2024-12-31,M,14510.5119242,2025-01-26,2026-10-01
employment,2025-01,2025-01-31,M,14542.4277799,2025-02-26,2026-10-01
employment,2025-02,2025-02-28,M,14465.4130001,2025-03-26,2026-10-01
employment,2025-03,2025-03-31,M,14497.8418795,2025-04-26,2026-10-01
employment,2025-04,2025-04-30,M,14603.9729643,2025-05-26,2026-10-01
employment,2025-05,2025-05-31,M,14593.8529281,2025-06-26,2026-10-01
employment,2025-06,2025-06-30,M,14568.4181553,2025-07-26,2026-10-01
employment,2025-07,2025-07-31,M,14615.0970352,2025-08-26,2026-10-01
employment,2025-08,2025-08-31,M,14598.4701601,2025-09-26,2026-10-01
employment,2025-09,2025-09-30,M,14610.9880068,2025-10-26,2026-10-01
employment,2025-10,2025-10-31,M,14643.3047896,2025-11-26,2026-10-01
employment,2025-11,2025-11-30,M,14602.0054127,2025-12-26,2026-10-01
employment,2025-12,2025-12-31,M,14659.8340759,2026-01-26,2026-10-01
employment,2026-01,2026-01-31,M,14693.9410568,2026-02-26,2026-10-01
employment,2026-02,2026-02-28,M,14715.5587568,2026-03-26,2026-10-01
employment,2026-03,2026-03-31,M,14736.4884338,2026-04-26,2026-10-01
employment,2026-04,2026-04-30,M,14698.8773938,2026-05-26,2026-10-01
employment,2026-05,2026-05-31,M,14734.6089088,2026-06-26,2026-10-01
employment,2026-06,2026-06-30,M,14812.9482199,2026-07-26,2026-10-01
employment,2026-07,2026-07-31,M,14797.0837647,2026-08-26,2026-10-01
employment,2026-08,2026-08-31,M,14836.5771018,2026-09-26,2026-10-01
gdp_growth,1959Q4,1959-12-31,Q,0.940105390762236,1960-03-05,2026-10-01
gdp_growth,1960Q1,1960-03-31,Q,0.5061150461998398,1960-06-04,2026-10-01
gdp_growth,1960Q2,1960-06-30,Q,2.7336462842163067,1960-09-03,2026-10-01
gdp_growth,1960Q3,1960-09-30,Q,0.2243137068730138,1960-12-04,2026-10-01
gdp_growth,1960Q4,1960-12-31,Q,-0.1965753262439862,1961-03-06,2026-10-01
gdp_growth,1961Q1,1961-03-31,Q,0.3061224489795844,1961-06-04,2026-10-01
gdp_growth,1961Q2,1961-06-30,Q,-1.1000969977998043,1961-09-03,2026-10-01
gdp_growth,1961Q3,1961-09-30,Q,-0.7224189072815967,1961-12-04,2026-10-01
gdp_growth,1961Q4,1961-12-31,Q,1.1469326779432354,1962-03-06,2026-10-01
gdp_growth,1962Q1,1962-03-31,Q,2.8074229358235225,1962-06-04,2026-10-01
gdp_growth,1962Q2,1962-06-30,Q,1.9185985888568349,1962-09-03,2026-10-01
gdp_growth,1962Q3,1962-09-30,Q,0.801418681581012,1962-12-04,2026-10-01
gdp_growth,1962Q4,1962-12-31,Q,1.7863184247919328,1963-03-06,2026-10-01
gdp_growth,1963Q1,1963-03-31,Q,2.325555629417897,1963-06-04,2026-10-01
gdp_growth,1963Q2,1963-06-30,Q,-1.2993059540695295,1963-09-03,2026-10-01
gdp_growth,1963Q3,1963-09-30,Q,4.103908641135634,1963-12-04,2026-10-01
gdp_growth,1963Q4,1963-12-31,Q,2.132816286960737,1964-03-05,2026-10-01
gdp_growth,1964Q1,1964-03-31,Q,-0.1640494418191918,1964-06-04,2026-10-01
gdp_growth,1964Q2,1964-06-30,Q,2.4709858106920946,1964-09-03,2026-10-01
gdp_growth,1964Q3,1964-09-30,Q,0.6131875668152542,1964-12-04,2026-10-01
gdp_growth,1964Q4,1964-12-31,Q,2.8327419257833557,1965-03-06,2026-10-01
gdp_growth,1965Q1,1965-03-31,Q,0.8655983155924751,1965-06-04,2026-10-01
gdp_growth,1965Q2,1965-06-30,Q,1.5568827554215403,1965-09-03,2026-10-01
gdp_growth,1965Q3,1965-09-30,Q,-0.3016548193401691,1965-12-04,2026-10-01
gdp_growth,1965Q4,1965-12-31,Q,0.2472081702777462,1966-03-06,2026-10-01
gdp_growth,1966Q1,1966-03-31,Q,-0.27801845204658,1966-06-04,2026-10-01
gdp_growth,1966Q2,1966-06-30,Q,1.359595940307634,1966-09-03,2026-10-01
gdp_growth,1966Q3,1966-09-30,Q,2.8268384811748204,1966-12-04,2026-10-01
gdp_growth,1966Q4,1966-12-31,Q,0.6595701800993004,1967-03-06,2026-10-01
gdp_growth,1967Q1,1967-03-31,Q,3.906008263409833,1967-06-04,2026-10-01
gdp_growth,1967Q2,1967-06-30,Q,-0.1410128400511467,1967-09-03,2026-10-01
gdp_growth,1967Q3,1967-09-30,Q,1.8743476621087,1967-12-04,2026-10-01
gdp_growth,1967Q4,1967-12-31,Q,0.8695652173912993,1968-03-05,2026-10-01
gdp_growth,1968Q1,1968-03-31,Q,-0.8834073062478631,1968-06-04,2026-10-01
gdp_growth,1968Q2,1968-06-30,Q,3.8389666307858006,1968-09-03,2026-10-01
gdp_growth,1968Q3,1968-09-30,Q,1.3177645273380056,1968-12-04,2026-10-01
gdp_growth,1968Q4,1968-12-31,Q,3.7348983400451896,1969-03-06,2026-10-01
gdp_growth,1969Q1,1969-03-31,Q,-0.6785812916715983,1969-06-04,2026-10-01
gdp_growth,1969Q2,1969-06-30,Q,1.9757696127110205,1969-09-03,2026-10-01
gdp_growth,1969Q3,1969-09-30,Q,1.646904847228936,1969-12-04,2026-10-01
gdp_growth,1969Q4,1969-12-31,Q,2.306171249885036,1970-03-06,2026-10-01
gdp_growth,1970Q1,1970-03-31,Q,2.0788852680076357,1970-06-04,2026-10-01
gdp_growth,1970Q2,1970-06-30,Q,2.026273301042125,1970-09-03,2026-10-01
gdp_growth,1970Q3,1970-09-30,Q,-0.2100402097524822,1970-12-04,2026-10-01
gdp_growth,1970Q4,1970-12-31,Q,0.4346603810306382,1971-03-06,2026-10-01
gdp_growth,1971Q1,1971-03-31,Q,1.2480980679240972,1971-06-04,2026-10-01
gdp_growth,1971Q2,1971-06-30,Q,0.434532965669776,1971-09-03,2026-10-01
gdp_growth,1971Q3,1971-09-30,Q,3.1146777335478992,1971-12-04,2026-10-01
gdp_growth,1971Q4,1971-12-31,Q,-0.3230730268246384,1972-03-05,2026-10-01
gdp_growth,1972Q1,1972-03-31,Q,-1.1845493562231746,1972-06-04,2026-10-01
gdp_growth,1972Q2,1972-06-30,Q,2.227241139680336,1972-09-03,2026-10-01
gdp_growth,1972Q3,1972-09-30,Q,-0.5091601237211529,1972-12-04,2026-10-01
gdp_growth,1972Q4,1972-12-31,Q,1.0447128918527504,1973-03-06,2026-10-01
gdp_growth,1973Q1,1973-03-31,Q,2.5993170368867613,1973-06-04,2026-10-01
gdp_growth,1973Q2,1973-06-30,Q,0.1898120992031904,1973-09-03,2026-10-01
gdp_growth,1973Q3,1973-09-30,Q,0.9972568857430364,1973-12-04,2026-10-01
gdp_growth,1973Q4,1973-12-31,Q,2.494577712934687,1974-03-06,2026-10-01
gdp_growth,1974Q1,1974-03-31,Q,0.0362219835666532,1974-06-04,2026-10-01
gdp_growth,1974Q2,1974-06-30,Q,-2.0276966078007885,1974-09-03,2026-10-01
gdp_growth,1974Q3,1974-09-30,Q,1.1794226729257895,1974-12-04,2026-10-01
gdp_growth,1974Q4,1974-12-31,Q,0.1089415368446644,1975-03-06,2026-10-01
gdp_growth,1975Q1,1975-03-31,Q,0.3911226050941963,1975-06-04,2026-10-01
gdp_growth,1975Q2,1975-06-30,Q,3.160787614456595,1975-09-03,2026-10-01
gdp_growth,1975Q3,1975-09-30,Q,-1.1113514849955153,1975-12-04,2026-10-01
gdp_growth,1975Q4,1975-12-31,Q,-1.5069974435422906,1976-03-05,2026-10-01
gdp_growth,1976Q1,1976-03-31,Q,4.44674315885667,1976-06-04,2026-10-01
gdp_growth,1976Q2,1976-06-30,Q,0.2880005832923249,1976-09-03,2026-10-01
gdp_growth,1976Q3,1976-09-30,Q,0.8106290554172224,1976-12-04,2026-10-01
gdp_growth,1976Q4,1976-12-31,Q,0.8606027825355245,1977-03-06,2026-10-01
gdp_growth,1977Q1,1977-03-31,Q,-0.5273287373307012,1977-06-04,2026-10-01
gdp_growth,1977Q2,1977-06-30,Q,1.4058774903858762,1977-09-03,2026-10-01
gdp_growth,1977Q3,1977-09-30,Q,-0.430033847444311,1977-12-04,2026-10-01
gdp_growth,1977Q4,1977-12-31,Q,-0.3114599462509138,1978-03-06,2026-10-01
gdp_growth,1978Q1,1978-03-31,Q,0.7087766907091231,1978-06-04,2026-10-01
gdp_growth,1978Q2,1978-06-30,Q,0.8308366868171158,1978-09-03,2026-10-01
gdp_growth,1978Q3,1978-09-30,Q,1.52022176249611,1978-12-04,2026-10-01
gdp_growth,1978Q4,1978-12-31,Q,0.8087653772217873,1979-03-06,2026-10-01
gdp_growth,1979Q1,1979-03-31,Q,2.7635888860892965,1979-06-04,2026-10-01
gdp_growth,1979Q2,1979-06-30,Q,-1.6160130172634737,1979-09-03,2026-10-01
gdp_growth,1979Q3,1979-09-30,Q,0.9277614780746956,1979-12-04,2026-10-01
gdp_growth,1979Q4,1979-12-31,Q,1.920961659333753,1980-03-05,2026-10-01
gdp_growth,1980Q1,1980-03-31,Q,0.4801365525975321,1980-06-04,2026-10-01
gdp_growth,1980Q2,1980-06-30,Q,0.243305002548122,1980-09-03,2026-10-01
gdp_growth,1980Q3,1980-09-30,Q,0.5411876609213273,1980-12-04,2026-10-01
gdp_growth,1980Q4,1980-12-31,Q,1.7067110335415858,1981-03-06,2026-10-01
gdp_growth,1981Q1,1981-03-31,Q,0.3875761787661691,1981-06-04,2026-10-01
gdp_growth,1981Q2,1981-06-30,Q,1.550709588092758,1981-09-03,2026-10-01
gdp_growth,1981Q3,1981-09-30,Q,2.0189095790704714,1981-12-04,2026-10-01
gdp_growth,1981Q4,1981-12-31,Q,-0.4153238035024986,1982-03-06,2026-10-01
gdp_growth,1982Q1,1982-03-31,Q,-0.7881737801888056,1982-06-04,2026-10-01
gdp_growth,1982Q2,1982-06-30,Q,0.8839198385116376,1982-09-03,2026-10-01
gdp_growth,1982Q3,1982-09-30,Q,-0.661643743779361,1982-12-04,2026-10-01
gdp_growth,1982Q4,1982-12-31,Q,-1.611915194052782,1983-03-06,2026-10-01
gdp_growth,1983Q1,1983-03-31,Q,-0.957667407122087,1983-06-04,2026-10-01
gdp_growth,1983Q2,1983-06-30,Q,-0.2099004837300522,1983-09-03,2026-10-01
gdp_growth,1983Q3,1983-09-30,Q,2.783027429877105,1983-12-04,2026-10-01
gdp_growth,1983Q4,1983-12-31,Q,1.6787255813470292,1984-03-05,2026-10-01
gdp_growth,1984Q1,1984-03-31,Q,2.45148371211541,1984-06-04,2026-10-01
gdp_growth,1984Q2,1984-06-30,Q,1.1627559110082952,1984-09-03,2026-10-01
gdp_growth,1984Q3,1984-09-30,Q,0.9231603331854688,1984-12-04,2026-10-01
gdp_growth,1984Q4,1984-12-31,Q,0.6031363088057962,1985-03-06,2026-10-01
gdp_growth,1985Q1,1985-03-31,Q,1.4844804318488558,1985-06-04,2026-10-01
gdp_growth,1985Q2,1985-06-30,Q,2.2386346242155186,1985-09-03,2026-10-01
gdp_growth,1985Q3,1985-09-30,Q,1.2838267769584857,1985-12-04,2026-10-01
gdp_growth,1985Q4,1985-12-31,Q,-0.2891722099039207,1986-03-06,2026-10-01
gdp_growth,1986Q1,1986-03-31,Q,0.6930610505248902,1986-06-04,2026-10-01
gdp_growth,1986Q2,1986-06-30,Q,-0.1803542673107894,1986-09-03,2026-10-01
gdp_growth,1986Q3,1986-09-30,Q,0.262262742097552,1986-12-04,2026-10-01
gdp_growth,1986Q4,1986-12-31,Q,1.6388770129684982,1987-03-06,2026-10-01
gdp_growth,1987Q1,1987-03-31,Q,1.005011488430152,1987-06-04,2026-10-01
gdp_growth,1987Q2,1987-06-30,Q,1.590585453666149,1987-09-03,2026-10-01
gdp_growth,1987Q3,1987-09-30,Q,1.8028263380145184,1987-12-04,2026-10-01
gdp_growth,1987Q4,1987-12-31,Q,2.010772614697176,1988-03-05,2026-10-01
gdp_growth,1988Q1,1988-03-31,Q,0.4286926994906626,1988-06-04,2026-10-01
gdp_growth,1988Q2,1988-06-30,Q,0.097206373356995,1988-09-03,2026-10-01
gdp_growth,1988Q3,1988-09-30,Q,0.8039182570511727,1988-12-04,2026-10-01
gdp_growth,1988Q4,1988-12-31,Q,1.6310357537780984,1989-03-06,2026-10-01
gdp_growth,1989Q1,1989-03-31,Q,0.9343136689224264,1989-06-04,2026-10-01
gdp_growth,1989Q2,1989-06-30,Q,2.154304730405676,1989-09-03,2026-10-01
gdp_growth,1989Q3,1989-09-30,Q,0.8545812831509902,1989-12-04,2026-10-01
gdp_growth,1989Q4,1989-12-31,Q,-0.2691037932141427,1990-03-06,2026-10-01
gdp_growth,1990Q1,1990-03-31,Q,0.7534573199809325,1990-06-04,2026-10-01
gdp_growth,1990Q2,1990-06-30,Q,0.1289757667550128,1990-09-03,2026-10-01
gdp_growth,1990Q3,1990-09-30,Q,-0.5172081004321205,1990-12-04,2026-10-01
gdp_growth,1990Q4,1990-12-31,Q,0.5507820233617178,1991-03-06,2026-10-01
gdp_growth,1991Q1,1991-03-31,Q,-1.253440759861546,1991-06-04,2026-10-01
gdp_growth,1991Q2,1991-06-30,Q,-0.2149482768246668,1991-09-03,2026-10-01
gdp_growth,1991Q3,1991-09-30,Q,0.4627945919374543,1991-12-04,2026-10-01
gdp_growth,1991Q4,1991-12-31,Q,0.0652406544751516,1992-03-05,2026-10-01
gdp_growth,1992Q1,1992-03-31,Q,0.7974843067332982,1992-06-04,2026-10-01
gdp_growth,1992Q2,1992-06-30,Q,0.7174212276224834,1992-09-03,2026-10-01
gdp_growth,1992Q3,1992-09-30,Q,0.9735046952217496,1992-12-04,2026-10-01
gdp_growth,1992Q4,1992-12-31,Q,2.0938367745838797,1993-03-06,2026-10-01
gdp_growth,1993Q1,1993-03-31,Q,0.695154054495517,1993-06-04,2026-10-01
gdp_growth,1993Q2,1993-06-30,Q,0.5666192597734376,1993-09-03,2026-10-01
gdp_growth,1993Q3,1993-09-30,Q,0.1207878972027565,1993-12-04,2026-10-01
gdp_growth,1993Q4,1993-12-31,Q,1.8358592008392405,1994-03-06,2026-10-01
gdp_growth,1994Q1,1994-03-31,Q,1.6670039182502094,1994-06-04,2026-10-01
gdp_growth,1994Q2,1994-06-30,Q,1.185151409877827,1994-09-03,2026-10-01
gdp_growth,1994Q3,1994-09-30,Q,0.7542621713737985,1994-12-04,2026-10-01
gdp_growth,1994Q4,1994-12-31,Q,1.1259406502910796,1995-03-06,2026-10-01
gdp_growth,1995Q1,1995-03-31,Q,-0.0905606335032227,1995-06-04,2026-10-01
gdp_growth,1995Q2,1995-06-30,Q,0.4778065867043324,1995-09-03,2026-10-01
gdp_growth,1995Q3,1995-09-30,Q,2.2892088645216413,1995-12-04,2026-10-01
gdp_growth,1995Q4,1995-12-31,Q,0.0246119347373507,1996-03-05,2026-10-01
gdp_growth,1996Q1,1996-03-31,Q,1.5235139928847952,1996-06-04,2026-10-01
gdp_growth,1996Q2,1996-06-30,Q,0.6415974632326904,1996-09-03,2026-10-01
gdp_growth,1996Q3,1996-09-30,Q,0.8147783943246445,1996-12-04,2026-10-01
gdp_growth,1996Q4,1996-12-31,Q,0.922654298255221,1997-03-06,2026-10-01
gdp_growth,1997Q1,1997-03-31,Q,0.7117168648954175,1997-06-04,2026-10-01
gdp_growth,1997Q2,1997-06-30,Q,2.9889769845181657,1997-09-03,2026-10-01
gdp_growth,1997Q3,1997-09-30,Q,0.153399510642882,1997-12-04,2026-10-01
gdp_growth,1997Q4,1997-12-31,Q,1.4294303797468322,1998-03-06,2026-10-01
gdp_growth,1998Q1,1998-03-31,Q,0.6149439811304891,1998-06-04,2026-10-01
gdp_growth,1998Q2,1998-06-30,Q,1.053062439532626,1998-09-03,2026-10-01
gdp_growth,1998Q3,1998-09-30,Q,1.8598642461734816,1998-12-04,2026-10-01
gdp_growth,1998Q4,1998-12-31,Q,1.543026706231454,1999-03-06,2026-10-01
gdp_growth,1999Q1,1999-03-31,Q,0.746142458324317,1999-06-04,2026-10-01
gdp_growth,1999Q2,1999-06-30,Q,0.3884187029936869,1999-09-03,2026-10-01
gdp_growth,1999Q3,1999-09-30,Q,1.0982660655146192,1999-12-04,2026-10-01
gdp_growth,1999Q4,1999-12-31,Q,1.695367697195671,2000-03-05,2026-10-01
gdp_growth,2000Q1,2000-03-31,Q,0.3948779986761241,2000-06-04,2026-10-01
gdp_growth,2000Q2,2000-06-30,Q,0.9850172790105473,2000-09-03,2026-10-01
gdp_growth,2000Q3,2000-09-30,Q,0.2724166849591203,2000-12-04,2026-10-01
gdp_growth,2000Q4,2000-12-31,Q,-0.4061116007027632,2001-03-06,2026-10-01
gdp_growth,2001Q1,2001-03-31,Q,0.947418552157342,2001-06-04,2026-10-01
gdp_growth,2001Q2,2001-06-30,Q,0.899723913450079,2001-09-03,2026-10-01
gdp_growth,2001Q3,2001-09-30,Q,1.1254855523954,2001-12-04,2026-10-01
gdp_growth,2001Q4,2001-12-31,Q,1.1881962835693427,2002-03-06,2026-10-01
gdp_growth,2002Q1,2002-03-31,Q,0.7813873004285377,2002-06-04,2026-10-01
gdp_growth,2002Q2,2002-06-30,Q,1.7406001421883532,2002-09-03,2026-10-01
gdp_growth,2002Q3,2002-09-30,Q,0.2307288658951023,2002-12-04,2026-10-01
gdp_growth,2002Q4,2002-12-31,Q,0.8342365853915235,2003-03-06,2026-10-01
gdp_growth,2003Q1,2003-03-31,Q,0.2355986109335406,2003-06-04,2026-10-01
gdp_growth,2003Q2,2003-06-30,Q,0.4089207719258025,2003-09-03,2026-10-01
gdp_growth,2003Q3,2003-09-30,Q,1.6870899254185945,2003-12-04,2026-10-01
gdp_growth,2003Q4,2003-12-31,Q,1.6922406255019062,2004-03-05,2026-10-01
gdp_growth,2004Q1,2004-03-31,Q,0.7548276631428097,2004-06-04,2026-10-01
gdp_growth,2004Q2,2004-06-30,Q,0.7548953745863507,2004-09-03,2026-10-01
gdp_growth,2004Q3,2004-09-30,Q,0.661819905962302,2004-12-04,2026-10-01
gdp_growth,2004Q4,2004-12-31,Q,0.7570702412026842,2005-03-06,2026-10-01
gdp_growth,2005Q1,2005-03-31,Q,0.822721628399603,2005-06-04,2026-10-01
gdp_growth,2005Q2,2005-06-30,Q,0.4651174022975768,2005-09-03,2026-10-01
gdp_growth,2005Q3,2005-09-30,Q,1.0809706380779494,2005-12-04,2026-10-01
gdp_growth,2005Q4,2005-12-31,Q,0.8085381630013044,2006-03-06,2026-10-01
gdp_growth,2006Q1,2006-03-31,Q,0.0780822434844896,2006-06-04,2026-10-01
gdp_growth,2006Q2,2006-06-30,Q,0.2840353288092068,2006-09-03,2026-10-01
gdp_growth,2006Q3,2006-09-30,Q,1.501476091085152,2006-12-04,2026-10-01
gdp_growth,2006Q4,2006-12-31,Q,1.2340332904158036,2007-03-06,2026-10-01
gdp_growth,2007Q1,2007-03-31,Q,1.3768256836663495,2007-06-04,2026-10-01
gdp_growth,2007Q2,2007-06-30,Q,0.6642839091663966,2007-09-03,2026-10-01
gdp_growth,2007Q3,2007-09-30,Q,1.1714126887350629,2007-12-04,2026-10-01
gdp_growth,2007Q4,2007-12-31,Q,0.3511656039383748,2008-03-05,2026-10-01
gdp_growth,2008Q1,2008-03-31,Q,1.1239924139895274,2008-06-04,2026-10-01
gdp_growth,2008Q2,2008-06-30,Q,0.3670065279566925,2008-09-03,2026-10-01
gdp_growth,2008Q3,2008-09-30,Q,0.6747717587788804,2008-12-04,2026-10-01
gdp_growth,2008Q4,2008-12-31,Q,-0.4347328186546151,2009-03-06,2026-10-01
gdp_growth,2009Q1,2009-03-31,Q,1.0225672253315388,2009-06-04,2026-10-01
gdp_growth,2009Q2,2009-06-30,Q,0.6470281173672987,2009-09-03,2026-10-01
gdp_growth,2009Q3,2009-09-30,Q,0.3109759351155317,2009-12-04,2026-10-01
gdp_growth,2009Q4,2009-12-31,Q,0.8059883144460933,2010-03-06,2026-10-01
gdp_growth,2010Q1,2010-03-31,Q,0.459927813073846,2010-06-04,2026-10-01
gdp_growth,2010Q2,2010-06-30,Q,0.6422957081535952,2010-09-03,2026-10-01
gdp_growth,2010Q3,2010-09-30,Q,0.6663799618376487,2010-12-04,2026-10-01
gdp_growth,2010Q4,2010-12-31,Q,0.8359636497870193,2011-03-06,2026-10-01
gdp_growth,2011Q1,2011-03-31,Q,-0.2727110065421811,2011-06-04,2026-10-01
gdp_growth,2011Q2,2011-06-30,Q,1.2256059459314628,2011-09-03,2026-10-01
gdp_growth,2011Q3,2011-09-30,Q,1.3578596953015776,2011-12-04,2026-10-01
gdp_growth,2011Q4,2011-12-31,Q,1.1111312111691918,2012-03-05,2026-10-01
gdp_growth,2012Q1,2012-03-31,Q,1.0655237466677514,2012-06-04,2026-10-01
gdp_growth,2012Q2,2012-06-30,Q,0.7218739611997593,2012-09-03,2026-10-01
gdp_growth,2012Q3,2012-09-30,Q,0.5885925529567348,2012-12-04,2026-10-01
gdp_growth,2012Q4,2012-12-31,Q,0.4383759510603102,2013-03-06,2026-10-01
gdp_growth,2013Q1,2013-03-31,Q,0.5447084224911691,2013-06-04,2026-10-01
gdp_growth,2013Q2,2013-06-30,Q,0.3698868999671312,2013-09-03,2026-10-01
gdp_growth,2013Q3,2013-09-30,Q,0.8104075405634736,2013-12-04,2026-10-01
gdp_growth,2013Q4,2013-12-31,Q,0.779952651839011,2014-03-06,2026-10-01
gdp_growth,2014Q1,2014-03-31,Q,0.8008762883682463,2014-06-04,2026-10-01
gdp_growth,2014Q2,2014-06-30,Q,0.4795508232226853,2014-09-03,2026-10-01
gdp_growth,2014Q3,2014-09-30,Q,0.4031785209714256,2014-12-04,2026-10-01
gdp_growth,2014Q4,2014-12-31,Q,0.3694866675194808,2015-03-06,2026-10-01
gdp_growth,2015Q1,2015-03-31,Q,0.9793309813627804,2015-06-04,2026-10-01
gdp_growth,2015Q2,2015-06-30,Q,0.0973125635641336,2015-09-03,2026-10-01
gdp_growth,2015Q3,2015-09-30,Q,0.9891744514129552,2015-12-04,2026-10-01
gdp_growth,2015Q4,2015-12-31,Q,0.6146892082868227,2016-03-05,2026-10-01
gdp_growth,2016Q1,2016-03-31,Q,0.9256628191801176,2016-06-04,2026-10-01
gdp_growth,2016Q2,2016-06-30,Q,0.6409696693223665,2016-09-03,2026-10-01
gdp_growth,2016Q3,2016-09-30,Q,0.0056659430785144,2016-12-04,2026-10-01
gdp_growth,2016Q4,2016-12-31,Q,1.1543704962730938,2017-03-06,2026-10-01
gdp_growth,2017Q1,2017-03-31,Q,0.3320322755675287,2017-06-04,2026-10-01
gdp_growth,2017Q2,2017-06-30,Q,0.5728969500738756,2017-09-03,2026-10-01
gdp_growth,2017Q3,2017-09-30,Q,0.958698099429145,2017-12-04,2026-10-01
gdp_growth,2017Q4,2017-12-31,Q,0.391727000642561,2018-03-06,2026-10-01
gdp_growth,2018Q1,2018-03-31,Q,1.0626063205309455,2018-06-04,2026-10-01
gdp_growth,2018Q2,2018-06-30,Q,0.7056408936424674,2018-09-03,2026-10-01
gdp_growth,2018Q3,2018-09-30,Q,0.3835586032480576,2018-12-04,2026-10-01
gdp_growth,2018Q4,2018-12-31,Q,0.2397085305079871,2019-03-06,2026-10-01
gdp_growth,2019Q1,2019-03-31,Q,0.7879265916451272,2019-06-04,2026-10-01
gdp_growth,2019Q2,2019-06-30,Q,0.2566649146688693,2019-09-03,2026-10-01
gdp_growth,2019Q3,2019-09-30,Q,0.5765137620747929,2019-12-04,2026-10-01
gdp_growth,2019Q4,2019-12-31,Q,0.5881724231487029,2020-03-05,2026-10-01
gdp_growth,2020Q1,2020-03-31,Q,-0.1569314667207222,2020-06-04,2026-10-01
gdp_growth,2020Q2,2020-06-30,Q,-6.789603976606651,2020-09-03,2026-10-01
gdp_growth,2020Q3,2020-09-30,Q,3.4382393909745845,2020-12-04,2026-10-01
gdp_growth,2020Q4,2020-12-31,Q,3.427540895636949,2021-03-06,2026-10-01
gdp_growth,2021Q1,2021-03-31,Q,2.249364185196568,2021-06-04,2026-10-01
gdp_growth,2021Q2,2021-06-30,Q,0.74956524252483,2021-09-03,2026-10-01
gdp_growth,2021Q3,2021-09-30,Q,-1.7581272143939786,2021-12-04,2026-10-01
gdp_growth,2021Q4,2021-12-31,Q,3.677331853769794,2022-03-06,2026-10-01
gdp_growth,2022Q1,2022-03-31,Q,1.002871382410242,2022-06-04,2026-10-01
gdp_growth,2022Q2,2022-06-30,Q,0.9042966873956226,2022-09-03,2026-10-01
gdp_growth,2022Q3,2022-09-30,Q,0.4555427437890724,2022-12-04,2026-10-01
gdp_growth,2022Q4,2022-12-31,Q,0.8542240454363359,2023-03-06,2026-10-01
gdp_growth,2023Q1,2023-03-31,Q,0.5705695238585884,2023-06-04,2026-10-01
gdp_growth,2023Q2,2023-06-30,Q,0.3477831087108418,2023-09-03,2026-10-01
gdp_growth,2023Q3,2023-09-30,Q,0.3706039583145637,2023-12-04,2026-10-01
gdp_growth,2023Q4,2023-12-31,Q,0.0324652008952597,2024-03-05,2026-10-01
gdp_growth,2024Q1,2024-03-31,Q,0.3445877734155944,2024-06-04,2026-10-01
gdp_growth,2024Q2,2024-06-30,Q,0.1688703275607439,2024-09-03,2026-10-01
gdp_growth,2024Q3,2024-09-30,Q,0.2727426933824661,2024-12-04,2026-10-01
gdp_growth,2024Q4,2024-12-31,Q,0.4405730863116686,2025-03-06,2026-10-01
gdp_growth,2025Q1,2025-03-31,Q,0.3922501418305524,2025-06-04,2026-10-01
gdp_growth,2025Q2,2025-06-30,Q,0.7804049629223098,2025-09-03,2026-10-01
gdp_growth,2025Q3,2025-09-30,Q,0.5036345210872373,2025-12-04,2026-10-01
gdp_growth,2025Q4,2025-12-31,Q,0.9124312952310863,2026-03-06,2026-10-01
gdp_growth,2026Q1,2026-03-31,Q,0.2862280811632312,2026-06-04,2026-10-01
gdp_growth,2026Q2,2026-06-30,Q,0.419502712698061,2026-09-03,2026-10-01
goods_exports,1971-07,1971-07-31,M,423.0,1971-09-09,2026-10-01
goods_exports,1971-08,1971-08-31,M,401.0,1971-10-10,2026-10-01
goods_exports,1971-09,1971-09-30,M,383.0,1971-11-09,2026-10-01
goods_exports,1971-10,1971-10-31,M,359.0,1971-12-10,2026-10-01
goods_exports,1971-11,1971-11-30,M,378.0,1972-01-09,2026-10-01
goods_exports,1971-12,1971-12-31,M,378.0,1972-02-09,2026-10-01
goods_exports,1972-01,1972-01-31,M,379.0,1972-03-11,2026-10-01
goods_exports,1972-02,1972-02-29,M,379.0,1972-04-09,2026-10-01
goods_exports,1972-03,1972-03-31,M,418.0,1972-05-10,2026-10-01
goods_exports,1972-04,1972-04-30,M,434.0,1972-06-09,2026-10-01
goods_exports,1972-05,1972-05-31,M,437.0,1972-07-10,2026-10-01
goods_exports,1972-06,1972-06-30,M,413.0,1972-08-09,2026-10-01
goods_exports,1972-07,1972-07-31,M,406.0,1972-09-09,2026-10-01
goods_exports,1972-08,1972-08-31,M,454.0,1972-10-10,2026-10-01
goods_exports,1972-09,1972-09-30,M,483.0,1972-11-09,2026-10-01
goods_exports,1972-10,1972-10-31,M,494.0,1972-12-10,2026-10-01
goods_exports,1972-11,1972-11-30,M,511.0,1973-01-09,2026-10-01
goods_exports,1972-12,1972-12-31,M,511.0,1973-02-09,2026-10-01
goods_exports,1973-01,1973-01-31,M,560.0,1973-03-12,2026-10-01
goods_exports,1973-02,1973-02-28,M,529.0,1973-04-09,2026-10-01
goods_exports,1973-03,1973-03-31,M,551.0,1973-05-10,2026-10-01
goods_exports,1973-04,1973-04-30,M,506.0,1973-06-09,2026-10-01
goods_exports,1973-05,1973-05-31,M,545.0,1973-07-10,2026-10-01
goods_exports,1973-06,1973-06-30,M,555.0,1973-08-09,2026-10-01
goods_exports,1973-07,1973-07-31,M,540.0,1973-09-09,2026-10-01
goods_exports,1973-08,1973-08-31,M,547.0,1973-10-10,2026-10-01
goods_exports,1973-09,1973-09-30,M,555.0,1973-11-09,2026-10-01
goods_exports,1973-10,1973-10-31,M,585.0,1973-12-10,2026-10-01
goods_exports,1973-11,1973-11-30,M,567.0,1974-01-09,2026-10-01
goods_exports,1973-12,1973-12-31,M,563.0,1974-02-09,2026-10-01
goods_exports,1974-01,1974-01-31,M,546.0,1974-03-12,2026-10-01
goods_exports,1974-02,1974-02-28,M,613.0,1974-04-09,2026-10-01
goods_exports,1974-03,1974-03-31,M,532.0,1974-05-10,2026-10-01
goods_exports,1974-04,1974-04-30,M,530.0,1974-06-09,2026-10-01
goods_exports,1974-05,1974-05-31,M,642.0,1974-07-10,2026-10-01
goods_exports,1974-06,1974-06-30,M,592.0,1974-08-09,2026-10-01
goods_exports,1974-07,1974-07-31,M,622.0,1974-09-09,2026-10-01
goods_exports,1974-08,1974-08-31,M,626.0,1974-10-10,2026-10-01
goods_exports,1974-09,1974-09-30,M,733.0,1974-11-09,2026-10-01
goods_exports,1974-10,1974-10-31,M,674.0,1974-12-10,2026-10-01
goods_exports,1974-11,1974-11-30,M,707.0,1975-01-09,2026-10-01
goods_exports,1974-12,1974-12-31,M,755.0,1975-02-09,2026-10-01
goods_exports,1975-01,1975-01-31,M,710.0,1975-03-12,2026-10-01
goods_exports,1975-02,1975-02-28,M,768.0,1975-04-09,2026-10-01
goods_exports,1975-03,1975-03-31,M,703.0,1975-05-10,2026-10-01
goods_exports,1975-04,1975-04-30,M,779.0,1975-06-09,2026-10-01
goods_exports,1975-05,1975-05-31,M,788.0,1975-07-10,2026-10-01
goods_exports,1975-06,1975-06-30,M,806.0,1975-08-09,2026-10-01
goods_exports,1975-07,1975-07-31,M,769.0,1975-09-09,2026-10-01
goods_exports,1975-08,1975-08-31,M,797.0,1975-10-10,2026-10-01
goods_exports,1975-09,1975-09-30,M,700.0,1975-11-09,2026-10-01
goods_exports,1975-10,1975-10-31,M,769.0,1975-12-10,2026-10-01
goods_exports,1975-11,1975-11-30,M,734.0,1976-01-09,2026-10-01
goods_exports,1975-12,1975-12-31,M,758.0,1976-02-09,2026-10-01
goods_exports,1976-01,1976-01-31,M,772.0,1976-03-11,2026-10-01
goods_exports,1976-02,1976-02-29,M,791.0,1976-04-09,2026-10-01
goods_exports,1976-03,1976-03-31,M,860.0,1976-05-10,2026-10-01
goods_exports,1976-04,1976-04-30,M,923.0,1976-06-09,2026-10-01
goods_exports,1976-05,1976-05-31,M,758.0,1976-07-10,2026-10-01
goods_exports,1976-06,1976-06-30,M,975.0,1976-08-09,2026-10-01
goods_exports,1976-07,1976-07-31,M,965.0,1976-09-09,2026-10-01
goods_exports,1976-08,1976-08-31,M,959.0,1976-10-10,2026-10-01
goods_exports,1976-09,1976-09-30,M,998.0,1976-11-09,2026-10-01
goods_exports,1976-10,1976-10-31,M,923.0,1976-12-10,2026-10-01
goods_exports,1976-11,1976-11-30,M,957.0,1977-01-09,2026-10-01
goods_exports,1976-12,1976-12-31,M,907.0,1977-02-09,2026-10-01
goods_exports,1977-01,1977-01-31,M,1020.0,1977-03-12,2026-10-01
goods_exports,1977-02,1977-02-28,M,951.0,1977-04-09,2026-10-01
goods_exports,1977-03,1977-03-31,M,967.0,1977-05-10,2026-10-01
goods_exports,1977-04,1977-04-30,M,1017.0,1977-06-09,2026-10-01
goods_exports,1977-05,1977-05-31,M,994.0,1977-07-10,2026-10-01
goods_exports,1977-06,1977-06-30,M,983.0,1977-08-09,2026-10-01
goods_exports,1977-07,1977-07-31,M,969.0,1977-09-09,2026-10-01
goods_exports,1977-08,1977-08-31,M,1035.0,1977-10-10,2026-10-01
goods_exports,1977-09,1977-09-30,M,1014.0,1977-11-09,2026-10-01
goods_exports,1977-10,1977-10-31,M,1010.0,1977-12-10,2026-10-01
goods_exports,1977-11,1977-11-30,M,1069.0,1978-01-09,2026-10-01
goods_exports,1977-12,1977-12-31,M,1067.0,1978-02-09,2026-10-01
goods_exports,1978-01,1978-01-31,M,959.0,1978-03-12,2026-10-01
goods_exports,1978-02,1978-02-28,M,996.0,1978-04-09,2026-10-01
goods_exports,1978-03,1978-03-31,M,987.0,1978-05-10,2026-10-01
goods_exports,1978-04,1978-04-30,M,1037.0,1978-06-09,2026-10-01
goods_exports,1978-05,1978-05-31,M,969.0,1978-07-10,2026-10-01
goods_exports,1978-06,1978-06-30,M,1091.0,1978-08-09,2026-10-01
goods_exports,1978-07,1978-07-31,M,1091.0,1978-09-09,2026-10-01
goods_exports,1978-08,1978-08-31,M,999.0,1978-10-10,2026-10-01
goods_exports,1978-09,1978-09-30,M,989.0,1978-11-09,2026-10-01
goods_exports,1978-10,1978-10-31,M,1059.0,1978-12-10,2026-10-01
goods_exports,1978-11,1978-11-30,M,1163.0,1979-01-09,2026-10-01
goods_exports,1978-12,1978-12-31,M,1153.0,1979-02-09,2026-10-01
goods_exports,1979-01,1979-01-31,M,1251.0,1979-03-12,2026-10-01
goods_exports,1979-02,1979-02-28,M,1215.0,1979-04-09,2026-10-01
goods_exports,1979-03,1979-03-31,M,1233.0,1979-05-10,2026-10-01
goods_exports,1979-04,1979-04-30,M,1286.0,1979-06-09,2026-10-01
goods_exports,1979-05,1979-05-31,M,1413.0,1979-07-10,2026-10-01
goods_exports,1979-06,1979-06-30,M,1356.0,1979-08-09,2026-10-01
goods_exports,1979-07,1979-07-31,M,1394.0,1979-09-09,2026-10-01
goods_exports,1979-08,1979-08-31,M,1356.0,1979-10-10,2026-10-01
goods_exports,1979-09,1979-09-30,M,1480.0,1979-11-09,2026-10-01
goods_exports,1979-10,1979-10-31,M,1670.0,1979-12-10,2026-10-01
goods_exports,1979-11,1979-11-30,M,1679.0,1980-01-09,2026-10-01
goods_exports,1979-12,1979-12-31,M,1596.0,1980-02-09,2026-10-01
goods_exports,1980-01,1980-01-31,M,1638.0,1980-03-11,2026-10-01
goods_exports,1980-02,1980-02-29,M,1690.0,1980-04-09,2026-10-01
goods_exports,1980-03,1980-03-31,M,1631.0,1980-05-10,2026-10-01
goods_exports,1980-04,1980-04-30,M,1600.0,1980-06-09,2026-10-01
goods_exports,1980-05,1980-05-31,M,1484.0,1980-07-10,2026-10-01
goods_exports,1980-06,1980-06-30,M,1760.0,1980-08-09,2026-10-01
goods_exports,1980-07,1980-07-31,M,1624.0,1980-09-09,2026-10-01
goods_exports,1980-08,1980-08-31,M,1451.0,1980-10-10,2026-10-01
goods_exports,1980-09,1980-09-30,M,1542.0,1980-11-09,2026-10-01
goods_exports,1980-10,1980-10-31,M,1570.0,1980-12-10,2026-10-01
goods_exports,1980-11,1980-11-30,M,1623.0,1981-01-09,2026-10-01
goods_exports,1980-12,1980-12-31,M,1568.0,1981-02-09,2026-10-01
goods_exports,1981-01,1981-01-31,M,1704.0,1981-03-12,2026-10-01
goods_exports,1981-02,1981-02-28,M,1577.0,1981-04-09,2026-10-01
goods_exports,1981-03,1981-03-31,M,1528.0,1981-05-10,2026-10-01
goods_exports,1981-04,1981-04-30,M,1681.0,1981-06-09,2026-10-01
goods_exports,1981-05,1981-05-31,M,1644.0,1981-07-10,2026-10-01
goods_exports,1981-06,1981-06-30,M,1634.0,1981-08-09,2026-10-01
goods_exports,1981-07,1981-07-31,M,1456.0,1981-09-09,2026-10-01
goods_exports,1981-08,1981-08-31,M,1620.0,1981-10-10,2026-10-01
goods_exports,1981-09,1981-09-30,M,1620.0,1981-11-09,2026-10-01
goods_exports,1981-10,1981-10-31,M,1479.0,1981-12-10,2026-10-01
goods_exports,1981-11,1981-11-30,M,1530.0,1982-01-09,2026-10-01
goods_exports,1981-12,1981-12-31,M,1501.0,1982-02-09,2026-10-01
goods_exports,1982-01,1982-01-31,M,1574.0,1982-03-12,2026-10-01
goods_exports,1982-02,1982-02-28,M,1715.0,1982-04-09,2026-10-01
goods_exports,1982-03,1982-03-31,M,1758.0,1982-05-10,2026-10-01
goods_exports,1982-04,1982-04-30,M,1700.0,1982-06-09,2026-10-01
goods_exports,1982-05,1982-05-31,M,1915.0,1982-07-10,2026-10-01
goods_exports,1982-06,1982-06-30,M,1718.0,1982-08-09,2026-10-01
goods_exports,1982-07,1982-07-31,M,1866.0,1982-09-09,2026-10-01
goods_exports,1982-08,1982-08-31,M,1650.0,1982-10-10,2026-10-01
goods_exports,1982-09,1982-09-30,M,1812.0,1982-11-09,2026-10-01
goods_exports,1982-10,1982-10-31,M,1852.0,1982-12-10,2026-10-01
goods_exports,1982-11,1982-11-30,M,1801.0,1983-01-09,2026-10-01
goods_exports,1982-12,1982-12-31,M,1859.0,1983-02-09,2026-10-01
goods_exports,1983-01,1983-01-31,M,1591.0,1983-03-12,2026-10-01
goods_exports,1983-02,1983-02-28,M,1674.0,1983-04-09,2026-10-01
goods_exports,1983-03,1983-03-31,M,1758.0,1983-05-10,2026-10-01
goods_exports,1983-04,1983-04-30,M,1847.0,1983-06-09,2026-10-01
goods_exports,1983-05,1983-05-31,M,1827.0,1983-07-10,2026-10-01
goods_exports,1983-06,1983-06-30,M,1778.0,1983-08-09,2026-10-01
goods_exports,1983-07,1983-07-31,M,1788.0,1983-09-09,2026-10-01
goods_exports,1983-08,1983-08-31,M,1780.0,1983-10-10,2026-10-01
goods_exports,1983-09,1983-09-30,M,1911.0,1983-11-09,2026-10-01
goods_exports,1983-10,1983-10-31,M,1941.0,1983-12-10,2026-10-01
goods_exports,1983-11,1983-11-30,M,1983.0,1984-01-09,2026-10-01
goods_exports,1983-12,1983-12-31,M,2113.0,1984-02-09,2026-10-01
goods_exports,1984-01,1984-01-31,M,1983.0,1984-03-11,2026-10-01
goods_exports,1984-02,1984-02-29,M,1954.0,1984-04-09,2026-10-01
goods_exports,1984-03,1984-03-31,M,2053.0,1984-05-10,2026-10-01
goods_exports,1984-04,1984-04-30,M,1967.0,1984-06-09,2026-10-01
goods_exports,1984-05,1984-05-31,M,2109.0,1984-07-10,2026-10-01
goods_exports,1984-06,1984-06-30,M,2250.0,1984-08-09,2026-10-01
goods_exports,1984-07,1984-07-31,M,2416.0,1984-09-09,2026-10-01
goods_exports,1984-08,1984-08-31,M,2399.0,1984-10-10,2026-10-01
goods_exports,1984-09,1984-09-30,M,2426.0,1984-11-09,2026-10-01
goods_exports,1984-10,1984-10-31,M,2269.0,1984-12-10,2026-10-01
goods_exports,1984-11,1984-11-30,M,2391.0,1985-01-09,2026-10-01
goods_exports,1984-12,1984-12-31,M,2237.0,1985-02-09,2026-10-01
goods_exports,1985-01,1985-01-31,M,2290.0,1985-03-12,2026-10-01
goods_exports,1985-02,1985-02-28,M,2474.0,1985-04-09,2026-10-01
goods_exports,1985-03,1985-03-31,M,2807.0,1985-05-10,2026-10-01
goods_exports,1985-04,1985-04-30,M,2730.0,1985-06-09,2026-10-01
goods_exports,1985-05,1985-05-31,M,2909.0,1985-07-10,2026-10-01
goods_exports,1985-06,1985-06-30,M,2852.0,1985-08-09,2026-10-01
goods_exports,1985-07,1985-07-31,M,2910.0,1985-09-09,2026-10-01
goods_exports,1985-08,1985-08-31,M,2790.0,1985-10-10,2026-10-01
goods_exports,1985-09,1985-09-30,M,2627.0,1985-11-09,2026-10-01
goods_exports,1985-10,1985-10-31,M,2771.0,1985-12-10,2026-10-01
goods_exports,1985-11,1985-11-30,M,2735.0,1986-01-09,2026-10-01
goods_exports,1985-12,1985-12-31,M,2912.0,1986-02-09,2026-10-01
goods_exports,1986-01,1986-01-31,M,2683.0,1986-03-12,2026-10-01
goods_exports,1986-02,1986-02-28,M,2767.0,1986-04-09,2026-10-01
goods_exports,1986-03,1986-03-31,M,2615.0,1986-05-10,2026-10-01
goods_exports,1986-04,1986-04-30,M,2599.0,1986-06-09,2026-10-01
goods_exports,1986-05,1986-05-31,M,2607.0,1986-07-10,2026-10-01
goods_exports,1986-06,1986-06-30,M,2543.0,1986-08-09,2026-10-01
goods_exports,1986-07,1986-07-31,M,2750.0,1986-09-09,2026-10-01
goods_exports,1986-08,1986-08-31,M,3015.0,1986-10-10,2026-10-01
goods_exports,1986-09,1986-09-30,M,3023.0,1986-11-09,2026-10-01
goods_exports,1986-10,1986-10-31,M,3147.0,1986-12-10,2026-10-01
goods_exports,1986-11,1986-11-30,M,2865.0,1987-01-09,2026-10-01
goods_exports,1986-12,1986-12-31,M,3154.0,1987-02-09,2026-10-01
goods_exports,1987-01,1987-01-31,M,2947.0,1987-03-12,2026-10-01
goods_exports,1987-02,1987-02-28,M,3036.0,1987-04-09,2026-10-01
goods_exports,1987-03,1987-03-31,M,3051.0,1987-05-10,2026-10-01
goods_exports,1987-04,1987-04-30,M,3063.0,1987-06-09,2026-10-01
goods_exports,1987-05,1987-05-31,M,3142.0,1987-07-10,2026-10-01
goods_exports,1987-06,1987-06-30,M,3241.0,1987-08-09,2026-10-01
goods_exports,1987-07,1987-07-31,M,3139.0,1987-09-09,2026-10-01
goods_exports,1987-08,1987-08-31,M,3323.0,1987-10-10,2026-10-01
goods_exports,1987-09,1987-09-30,M,3228.0,1987-11-09,2026-10-01
goods_exports,1987-10,1987-10-31,M,3425.0,1987-12-10,2026-10-01
goods_exports,1987-11,1987-11-30,M,3865.0,1988-01-09,2026-10-01
goods_exports,1987-12,1987-12-31,M,3482.0,1988-02-09,2026-10-01
goods_exports,1988-01,1988-01-31,M,3822.0,1988-03-11,2026-10-01
goods_exports,1988-02,1988-02-29,M,3830.0,1988-04-09,2026-10-01
goods_exports,1988-03,1988-03-31,M,3658.0,1988-05-10,2026-10-01
goods_exports,1988-04,1988-04-30,M,3251.0,1988-06-09,2026-10-01
goods_exports,1988-05,1988-05-31,M,3540.0,1988-07-10,2026-10-01
goods_exports,1988-06,1988-06-30,M,3293.0,1988-08-09,2026-10-01
goods_exports,1988-07,1988-07-31,M,3415.0,1988-09-09,2026-10-01
goods_exports,1988-08,1988-08-31,M,3494.0,1988-10-10,2026-10-01
goods_exports,1988-09,1988-09-30,M,3513.0,1988-11-09,2026-10-01
goods_exports,1988-10,1988-10-31,M,3554.0,1988-12-10,2026-10-01
goods_exports,1988-11,1988-11-30,M,3550.0,1989-01-09,2026-10-01
goods_exports,1988-12,1988-12-31,M,3642.0,1989-02-09,2026-10-01
goods_exports,1989-01,1989-01-31,M,3589.0,1989-03-12,2026-10-01
goods_exports,1989-02,1989-02-28,M,3527.0,1989-04-09,2026-10-01
goods_exports,1989-03,1989-03-31,M,3785.0,1989-05-10,2026-10-01
goods_exports,1989-04,1989-04-30,M,3865.0,1989-06-09,2026-10-01
goods_exports,1989-05,1989-05-31,M,4020.0,1989-07-10,2026-10-01
goods_exports,1989-06,1989-06-30,M,4172.0,1989-08-09,2026-10-01
goods_exports,1989-07,1989-07-31,M,3917.0,1989-09-09,2026-10-01
goods_exports,1989-08,1989-08-31,M,4166.0,1989-10-10,2026-10-01
goods_exports,1989-09,1989-09-30,M,4107.0,1989-11-09,2026-10-01
goods_exports,1989-10,1989-10-31,M,4029.0,1989-12-10,2026-10-01
goods_exports,1989-11,1989-11-30,M,4099.0,1990-01-09,2026-10-01
goods_exports,1989-12,1989-12-31,M,3745.0,1990-02-09,2026-10-01
goods_exports,1990-01,1990-01-31,M,4013.0,1990-03-12,2026-10-01
goods_exports,1990-02,1990-02-28,M,4353.0,1990-04-09,2026-10-01
goods_exports,1990-03,1990-03-31,M,4262.0,1990-05-10,2026-10-01
goods_exports,1990-04,1990-04-30,M,4132.0,1990-06-09,2026-10-01
goods_exports,1990-05,1990-05-31,M,4135.0,1990-07-10,2026-10-01
goods_exports,1990-06,1990-06-30,M,4123.0,1990-08-09,2026-10-01
goods_exports,1990-07,1990-07-31,M,4207.0,1990-09-09,2026-10-01
goods_exports,1990-08,1990-08-31,M,4209.0,1990-10-10,2026-10-01
goods_exports,1990-09,1990-09-30,M,4187.0,1990-11-09,2026-10-01
goods_exports,1990-10,1990-10-31,M,4357.0,1990-12-10,2026-10-01
goods_exports,1990-11,1990-11-30,M,4263.0,1991-01-09,2026-10-01
goods_exports,1990-12,1990-12-31,M,4471.0,1991-02-09,2026-10-01
goods_exports,1991-01,1991-01-31,M,4404.0,1991-03-12,2026-10-01
goods_exports,1991-02,1991-02-28,M,4413.0,1991-04-09,2026-10-01
goods_exports,1991-03,1991-03-31,M,4587.0,1991-05-10,2026-10-01
goods_exports,1991-04,1991-04-30,M,4385.0,1991-06-09,2026-10-01
goods_exports,1991-05,1991-05-31,M,4625.0,1991-07-10,2026-10-01
goods_exports,1991-06,1991-06-30,M,4514.0,1991-08-09,2026-10-01
goods_exports,1991-07,1991-07-31,M,4650.0,1991-09-09,2026-10-01
goods_exports,1991-08,1991-08-31,M,4745.0,1991-10-10,2026-10-01
goods_exports,1991-09,1991-09-30,M,4462.0,1991-11-09,2026-10-01
goods_exports,1991-10,1991-10-31,M,4424.0,1991-12-10,2026-10-01
goods_exports,1991-11,1991-11-30,M,4540.0,1992-01-09,2026-10-01
goods_exports,1991-12,1991-12-31,M,4567.0,1992-02-09,2026-10-01
goods_exports,1992-01,1992-01-31,M,4644.0,1992-03-11,2026-10-01
goods_exports,1992-02,1992-02-29,M,4540.0,1992-04-09,2026-10-01
goods_exports,1992-03,1992-03-31,M,4605.0,1992-05-10,2026-10-01
goods_exports,1992-04,1992-04-30,M,4710.0,1992-06-09,2026-10-01
goods_exports,1992-05,1992-05-31,M,4705.0,1992-07-10,2026-10-01
goods_exports,1992-06,1992-06-30,M,4788.0,1992-08-09,2026-10-01
goods_exports,1992-07,1992-07-31,M,4770.0,1992-09-09,2026-10-01
goods_exports,1992-08,1992-08-31,M,4806.0,1992-10-10,2026-10-01
goods_exports,1992-09,1992-09-30,M,5216.0,1992-11-09,2026-10-01
goods_exports,1992-10,1992-10-31,M,5037.0,1992-12-10,2026-10-01
goods_exports,1992-11,1992-11-30,M,5189.0,1993-01-09,2026-10-01
goods_exports,1992-12,1992-12-31,M,5255.0,1993-02-09,2026-10-01
goods_exports,1993-01,1993-01-31,M,5186.0,1993-03-12,2026-10-01
goods_exports,1993-02,1993-02-28,M,5198.0,1993-04-09,2026-10-01
goods_exports,1993-03,1993-03-31,M,4924.0,1993-05-10,2026-10-01
goods_exports,1993-04,1993-04-30,M,4897.0,1993-06-09,2026-10-01
goods_exports,1993-05,1993-05-31,M,5200.0,1993-07-10,2026-10-01
goods_exports,1993-06,1993-06-30,M,5083.0,1993-08-09,2026-10-01
goods_exports,1993-07,1993-07-31,M,5276.0,1993-09-09,2026-10-01
goods_exports,1993-08,1993-08-31,M,5252.0,1993-10-10,2026-10-01
goods_exports,1993-09,1993-09-30,M,5476.0,1993-11-09,2026-10-01
goods_exports,1993-10,1993-10-31,M,5497.0,1993-12-10,2026-10-01
goods_exports,1993-11,1993-11-30,M,5395.0,1994-01-09,2026-10-01
goods_exports,1993-12,1993-12-31,M,5264.0,1994-02-09,2026-10-01
goods_exports,1994-01,1994-01-31,M,5332.0,1994-03-12,2026-10-01
goods_exports,1994-02,1994-02-28,M,5324.0,1994-04-09,2026-10-01
goods_exports,1994-03,1994-03-31,M,5457.0,1994-05-10,2026-10-01
goods_exports,1994-04,1994-04-30,M,5286.0,1994-06-09,2026-10-01
goods_exports,1994-05,1994-05-31,M,5553.0,1994-07-10,2026-10-01
goods_exports,1994-06,1994-06-30,M,5326.0,1994-08-09,2026-10-01
goods_exports,1994-07,1994-07-31,M,5302.0,1994-09-09,2026-10-01
goods_exports,1994-08,1994-08-31,M,5353.0,1994-10-10,2026-10-01
goods_exports,1994-09,1994-09-30,M,5313.0,1994-11-09,2026-10-01
goods_exports,1994-10,1994-10-31,M,5578.0,1994-12-10,2026-10-01
goods_exports,1994-11,1994-11-30,M,5574.0,1995-01-09,2026-10-01
goods_exports,1994-12,1994-12-31,M,5277.0,1995-02-09,2026-10-01
goods_exports,1995-01,1995-01-31,M,5578.0,1995-03-12,2026-10-01
goods_exports,1995-02,1995-02-28,M,5719.0,1995-04-09,2026-10-01
goods_exports,1995-03,1995-03-31,M,6009.0,1995-05-10,2026-10-01
goods_exports,1995-04,1995-04-30,M,5793.0,1995-06-09,2026-10-01
goods_exports,1995-05,1995-05-31,M,5976.0,1995-07-10,2026-10-01
goods_exports,1995-06,1995-06-30,M,5761.0,1995-08-09,2026-10-01
goods_exports,1995-07,1995-07-31,M,6249.0,1995-09-09,2026-10-01
goods_exports,1995-08,1995-08-31,M,6076.0,1995-10-10,2026-10-01
goods_exports,1995-09,1995-09-30,M,6162.0,1995-11-09,2026-10-01
goods_exports,1995-10,1995-10-31,M,6075.0,1995-12-10,2026-10-01
goods_exports,1995-11,1995-11-30,M,5952.0,1996-01-09,2026-10-01
goods_exports,1995-12,1995-12-31,M,6450.0,1996-02-09,2026-10-01
goods_exports,1996-01,1996-01-31,M,6700.0,1996-03-11,2026-10-01
goods_exports,1996-02,1996-02-29,M,6300.0,1996-04-09,2026-10-01
goods_exports,1996-03,1996-03-31,M,6612.0,1996-05-10,2026-10-01
goods_exports,1996-04,1996-04-30,M,6418.0,1996-06-09,2026-10-01
goods_exports,1996-05,1996-05-31,M,6400.0,1996-07-10,2026-10-01
goods_exports,1996-06,1996-06-30,M,6519.0,1996-08-09,2026-10-01
goods_exports,1996-07,1996-07-31,M,6321.0,1996-09-09,2026-10-01
goods_exports,1996-08,1996-08-31,M,6339.0,1996-10-10,2026-10-01
goods_exports,1996-09,1996-09-30,M,6263.0,1996-11-09,2026-10-01
goods_exports,1996-10,1996-10-31,M,6466.0,1996-12-10,2026-10-01
goods_exports,1996-11,1996-11-30,M,6214.0,1997-01-09,2026-10-01
goods_exports,1996-12,1996-12-31,M,6391.0,1997-02-09,2026-10-01
goods_exports,1997-01,1997-01-31,M,6742.0,1997-03-12,2026-10-01
goods_exports,1997-02,1997-02-28,M,6963.0,1997-04-09,2026-10-01
goods_exports,1997-03,1997-03-31,M,6503.0,1997-05-10,2026-10-01
goods_exports,1997-04,1997-04-30,M,6728.0,1997-06-09,2026-10-01
goods_exports,1997-05,1997-05-31,M,7258.0,1997-07-10,2026-10-01
goods_exports,1997-06,1997-06-30,M,8734.0,1997-08-09,2026-10-01
goods_exports,1997-07,1997-07-31,M,7108.0,1997-09-09,2026-10-01
goods_exports,1997-08,1997-08-31,M,7391.0,1997-10-10,2026-10-01
goods_exports,1997-09,1997-09-30,M,7454.0,1997-11-09,2026-10-01
goods_exports,1997-10,1997-10-31,M,7287.0,1997-12-10,2026-10-01
goods_exports,1997-11,1997-11-30,M,7559.0,1998-01-09,2026-10-01
goods_exports,1997-12,1997-12-31,M,7371.0,1998-02-09,2026-10-01
goods_exports,1998-01,1998-01-31,M,7262.0,1998-03-12,2026-10-01
goods_exports,1998-02,1998-02-28,M,7300.0,1998-04-09,2026-10-01
goods_exports,1998-03,1998-03-31,M,7181.0,1998-05-10,2026-10-01
goods_exports,1998-04,1998-04-30,M,7411.0,1998-06-09,2026-10-01
goods_exports,1998-05,1998-05-31,M,7512.0,1998-07-10,2026-10-01
goods_exports,1998-06,1998-06-30,M,7700.0,1998-08-09,2026-10-01
goods_exports,1998-07,1998-07-31,M,7419.0,1998-09-09,2026-10-01
goods_exports,1998-08,1998-08-31,M,7679.0,1998-10-10,2026-10-01
goods_exports,1998-09,1998-09-30,M,7452.0,1998-11-09,2026-10-01
goods_exports,1998-10,1998-10-31,M,7486.0,1998-12-10,2026-10-01
goods_exports,1998-11,1998-11-30,M,7206.0,1999-01-09,2026-10-01
goods_exports,1998-12,1998-12-31,M,7369.0,1999-02-09,2026-10-01
goods_exports,1999-01,1999-01-31,M,7151.0,1999-03-12,2026-10-01
goods_exports,1999-02,1999-02-28,M,6794.0,1999-04-09,2026-10-01
goods_exports,1999-03,1999-03-31,M,7101.0,1999-05-10,2026-10-01
goods_exports,1999-04,1999-04-30,M,6548.0,1999-06-09,2026-10-01
goods_exports,1999-05,1999-05-31,M,6725.0,1999-07-10,2026-10-01
goods_exports,1999-06,1999-06-30,M,6769.0,1999-08-09,2026-10-01
goods_exports,1999-07,1999-07-31,M,7169.0,1999-09-09,2026-10-01
goods_exports,1999-08,1999-08-31,M,7241.0,1999-10-10,2026-10-01
goods_exports,1999-09,1999-09-30,M,7337.0,1999-11-09,2026-10-01
goods_exports,1999-10,1999-10-31,M,8038.0,1999-12-10,2026-10-01
goods_exports,1999-11,1999-11-30,M,7853.0,2000-01-09,2026-10-01
goods_exports,1999-12,1999-12-31,M,7979.0,2000-02-09,2026-10-01
goods_exports,2000-01,2000-01-31,M,7946.0,2000-03-11,2026-10-01
goods_exports,2000-02,2000-02-29,M,8600.0,2000-04-09,2026-10-01
goods_exports,2000-03,2000-03-31,M,8667.0,2000-05-10,2026-10-01
goods_exports,2000-04,2000-04-30,M,8574.0,2000-06-09,2026-10-01
goods_exports,2000-05,2000-05-31,M,8980.0,2000-07-10,2026-10-01
goods_exports,2000-06,2000-06-30,M,9341.0,2000-08-09,2026-10-01
goods_exports,2000-07,2000-07-31,M,9363.0,2000-09-09,2026-10-01
goods_exports,2000-08,2000-08-31,M,9152.0,2000-10-10,2026-10-01
goods_exports,2000-09,2000-09-30,M,9535.0,2000-11-09,2026-10-01
goods_exports,2000-10,2000-10-31,M,10104.0,2000-12-10,2026-10-01
goods_exports,2000-11,2000-11-30,M,10253.0,2001-01-09,2026-10-01
goods_exports,2000-12,2000-12-31,M,9769.0,2001-02-09,2026-10-01
goods_exports,2001-01,2001-01-31,M,9578.0,2001-03-12,2026-10-01
goods_exports,2001-02,2001-02-28,M,10514.0,2001-04-09,2026-10-01
goods_exports,2001-03,2001-03-31,M,10328.0,2001-05-10,2026-10-01
goods_exports,2001-04,2001-04-30,M,10567.0,2001-06-09,2026-10-01
goods_exports,2001-05,2001-05-31,M,10544.0,2001-07-10,2026-10-01
goods_exports,2001-06,2001-06-30,M,10640.0,2001-08-09,2026-10-01
goods_exports,2001-07,2001-07-31,M,10565.0,2001-09-09,2026-10-01
goods_exports,2001-08,2001-08-31,M,10247.0,2001-10-10,2026-10-01
goods_exports,2001-09,2001-09-30,M,10418.0,2001-11-09,2026-10-01
goods_exports,2001-10,2001-10-31,M,10301.0,2001-12-10,2026-10-01
goods_exports,2001-11,2001-11-30,M,9947.0,2002-01-09,2026-10-01
goods_exports,2001-12,2001-12-31,M,9763.0,2002-02-09,2026-10-01
goods_exports,2002-01,2002-01-31,M,10098.0,2002-03-12,2026-10-01
goods_exports,2002-02,2002-02-28,M,10104.0,2002-04-09,2026-10-01
goods_exports,2002-03,2002-03-31,M,10096.0,2002-05-10,2026-10-01
goods_exports,2002-04,2002-04-30,M,9989.0,2002-06-09,2026-10-01
goods_exports,2002-05,2002-05-31,M,9815.0,2002-07-10,2026-10-01
goods_exports,2002-06,2002-06-30,M,9782.0,2002-08-09,2026-10-01
goods_exports,2002-07,2002-07-31,M,10095.0,2002-09-09,2026-10-01
goods_exports,2002-08,2002-08-31,M,10047.0,2002-10-10,2026-10-01
goods_exports,2002-09,2002-09-30,M,9734.0,2002-11-09,2026-10-01
goods_exports,2002-10,2002-10-31,M,10029.0,2002-12-10,2026-10-01
goods_exports,2002-11,2002-11-30,M,9843.0,2003-01-09,2026-10-01
goods_exports,2002-12,2002-12-31,M,10002.0,2003-02-09,2026-10-01
goods_exports,2003-01,2003-01-31,M,10377.0,2003-03-12,2026-10-01
goods_exports,2003-02,2003-02-28,M,9814.0,2003-04-09,2026-10-01
goods_exports,2003-03,2003-03-31,M,9626.0,2003-05-10,2026-10-01
goods_exports,2003-04,2003-04-30,M,8899.0,2003-06-09,2026-10-01
goods_exports,2003-05,2003-05-31,M,8790.0,2003-07-10,2026-10-01
goods_exports,2003-06,2003-06-30,M,8821.0,2003-08-09,2026-10-01
goods_exports,2003-07,2003-07-31,M,8447.0,2003-09-09,2026-10-01
goods_exports,2003-08,2003-08-31,M,8939.0,2003-10-10,2026-10-01
goods_exports,2003-09,2003-09-30,M,8818.0,2003-11-09,2026-10-01
goods_exports,2003-10,2003-10-31,M,8672.0,2003-12-10,2026-10-01
goods_exports,2003-11,2003-11-30,M,8677.0,2004-01-09,2026-10-01
goods_exports,2003-12,2003-12-31,M,8814.0,2004-02-09,2026-10-01
goods_exports,2004-01,2004-01-31,M,9098.0,2004-03-11,2026-10-01
goods_exports,2004-02,2004-02-29,M,8738.0,2004-04-09,2026-10-01
goods_exports,2004-03,2004-03-31,M,8944.0,2004-05-10,2026-10-01
goods_exports,2004-04,2004-04-30,M,9607.0,2004-06-09,2026-10-01
goods_exports,2004-05,2004-05-31,M,9827.0,2004-07-10,2026-10-01
goods_exports,2004-06,2004-06-30,M,10512.0,2004-08-09,2026-10-01
goods_exports,2004-07,2004-07-31,M,10028.0,2004-09-09,2026-10-01
goods_exports,2004-08,2004-08-31,M,10268.0,2004-10-10,2026-10-01
goods_exports,2004-09,2004-09-30,M,10406.0,2004-11-09,2026-10-01
goods_exports,2004-10,2004-10-31,M,10357.0,2004-12-10,2026-10-01
goods_exports,2004-11,2004-11-30,M,10203.0,2005-01-09,2026-10-01
goods_exports,2004-12,2004-12-31,M,10191.0,2005-02-09,2026-10-01
goods_exports,2005-01,2005-01-31,M,10585.0,2005-03-12,2026-10-01
goods_exports,2005-02,2005-02-28,M,10328.0,2005-04-09,2026-10-01
goods_exports,2005-03,2005-03-31,M,10312.0,2005-05-10,2026-10-01
goods_exports,2005-04,2005-04-30,M,11937.0,2005-06-09,2026-10-01
goods_exports,2005-05,2005-05-31,M,11925.0,2005-07-10,2026-10-01
goods_exports,2005-06,2005-06-30,M,11587.0,2005-08-09,2026-10-01
goods_exports,2005-07,2005-07-31,M,12125.0,2005-09-09,2026-10-01
goods_exports,2005-08,2005-08-31,M,11717.0,2005-10-10,2026-10-01
goods_exports,2005-09,2005-09-30,M,11658.0,2005-11-09,2026-10-01
goods_exports,2005-10,2005-10-31,M,12149.0,2005-12-10,2026-10-01
goods_exports,2005-11,2005-11-30,M,12314.0,2006-01-09,2026-10-01
goods_exports,2005-12,2005-12-31,M,13423.0,2006-02-09,2026-10-01
goods_exports,2006-01,2006-01-31,M,12315.0,2006-03-12,2026-10-01
goods_exports,2006-02,2006-02-28,M,13640.0,2006-04-09,2026-10-01
goods_exports,2006-03,2006-03-31,M,13179.0,2006-05-10,2026-10-01
goods_exports,2006-04,2006-04-30,M,13788.0,2006-06-09,2026-10-01
goods_exports,2006-05,2006-05-31,M,13169.0,2006-07-10,2026-10-01
goods_exports,2006-06,2006-06-30,M,14566.0,2006-08-09,2026-10-01
goods_exports,2006-07,2006-07-31,M,14220.0,2006-09-09,2026-10-01
goods_exports,2006-08,2006-08-31,M,14111.0,2006-10-10,2026-10-01
goods_exports,2006-09,2006-09-30,M,13806.0,2006-11-09,2026-10-01
goods_exports,2006-10,2006-10-31,M,14240.0,2006-12-10,2026-10-01
goods_exports,2006-11,2006-11-30,M,14179.0,2007-01-09,2026-10-01
goods_exports,2006-12,2006-12-31,M,14008.0,2007-02-09,2026-10-01
goods_exports,2007-01,2007-01-31,M,14294.0,2007-03-12,2026-10-01
goods_exports,2007-02,2007-02-28,M,14550.0,2007-04-09,2026-10-01
goods_exports,2007-03,2007-03-31,M,13918.0,2007-05-10,2026-10-01
goods_exports,2007-04,2007-04-30,M,14406.0,2007-06-09,2026-10-01
goods_exports,2007-05,2007-05-31,M,14324.0,2007-07-10,2026-10-01
goods_exports,2007-06,2007-06-30,M,13780.0,2007-08-09,2026-10-01
goods_exports,2007-07,2007-07-31,M,14187.0,2007-09-09,2026-10-01
goods_exports,2007-08,2007-08-31,M,14390.0,2007-10-10,2026-10-01
goods_exports,2007-09,2007-09-30,M,13616.0,2007-11-09,2026-10-01
goods_exports,2007-10,2007-10-31,M,13231.0,2007-12-10,2026-10-01
goods_exports,2007-11,2007-11-30,M,14387.0,2008-01-09,2026-10-01
goods_exports,2007-12,2007-12-31,M,14963.0,2008-02-09,2026-10-01
goods_exports,2008-01,2008-01-31,M,15469.0,2008-03-11,2026-10-01
goods_exports,2008-02,2008-02-29,M,14716.0,2008-04-09,2026-10-01
goods_exports,2008-03,2008-03-31,M,15887.0,2008-05-10,2026-10-01
goods_exports,2008-04,2008-04-30,M,17145.0,2008-06-09,2026-10-01
goods_exports,2008-05,2008-05-31,M,17421.0,2008-07-10,2026-10-01
goods_exports,2008-06,2008-06-30,M,17938.0,2008-08-09,2026-10-01
goods_exports,2008-07,2008-07-31,M,18519.0,2008-09-09,2026-10-01
goods_exports,2008-08,2008-08-31,M,19637.0,2008-10-10,2026-10-01
goods_exports,2008-09,2008-09-30,M,21052.0,2008-11-09,2026-10-01
goods_exports,2008-10,2008-10-31,M,22965.0,2008-12-10,2026-10-01
goods_exports,2008-11,2008-11-30,M,21995.0,2009-01-09,2026-10-01
goods_exports,2008-12,2008-12-31,M,19871.0,2009-02-09,2026-10-01
goods_exports,2009-01,2009-01-31,M,19386.0,2009-03-12,2026-10-01
goods_exports,2009-02,2009-02-28,M,20740.0,2009-04-09,2026-10-01
goods_exports,2009-03,2009-03-31,M,20478.0,2009-05-10,2026-10-01
goods_exports,2009-04,2009-04-30,M,16799.0,2009-06-09,2026-10-01
goods_exports,2009-05,2009-05-31,M,15126.0,2009-07-10,2026-10-01
goods_exports,2009-06,2009-06-30,M,15117.0,2009-08-09,2026-10-01
goods_exports,2009-07,2009-07-31,M,15102.0,2009-09-09,2026-10-01
goods_exports,2009-08,2009-08-31,M,14643.0,2009-10-10,2026-10-01
goods_exports,2009-09,2009-09-30,M,15497.0,2009-11-09,2026-10-01
goods_exports,2009-10,2009-10-31,M,15186.0,2009-12-10,2026-10-01
goods_exports,2009-11,2009-11-30,M,15023.0,2010-01-09,2026-10-01
goods_exports,2009-12,2009-12-31,M,15626.0,2010-02-09,2026-10-01
goods_exports,2010-01,2010-01-31,M,16573.0,2010-03-12,2026-10-01
goods_exports,2010-02,2010-02-28,M,16693.0,2010-04-09,2026-10-01
goods_exports,2010-03,2010-03-31,M,16991.0,2010-05-10,2026-10-01
goods_exports,2010-04,2010-04-30,M,19119.0,2010-06-09,2026-10-01
goods_exports,2010-05,2010-05-31,M,20149.0,2010-07-10,2026-10-01
goods_exports,2010-06,2010-06-30,M,21208.0,2010-08-09,2026-10-01
goods_exports,2010-07,2010-07-31,M,20773.0,2010-09-09,2026-10-01
goods_exports,2010-08,2010-08-31,M,19898.0,2010-10-10,2026-10-01
goods_exports,2010-09,2010-09-30,M,19706.0,2010-11-09,2026-10-01
goods_exports,2010-10,2010-10-31,M,20119.0,2010-12-10,2026-10-01
goods_exports,2010-11,2010-11-30,M,20303.0,2011-01-09,2026-10-01
goods_exports,2010-12,2010-12-31,M,20092.0,2011-02-09,2026-10-01
goods_exports,2011-01,2011-01-31,M,19861.0,2011-03-12,2026-10-01
goods_exports,2011-02,2011-02-28,M,19390.0,2011-04-09,2026-10-01
goods_exports,2011-03,2011-03-31,M,21932.0,2011-05-10,2026-10-01
goods_exports,2011-04,2011-04-30,M,21198.0,2011-06-09,2026-10-01
goods_exports,2011-05,2011-05-31,M,21922.0,2011-07-10,2026-10-01
goods_exports,2011-06,2011-06-30,M,21454.0,2011-08-09,2026-10-01
goods_exports,2011-07,2011-07-31,M,21764.0,2011-09-09,2026-10-01
goods_exports,2011-08,2011-08-31,M,23487.0,2011-10-10,2026-10-01
goods_exports,2011-09,2011-09-30,M,23034.0,2011-11-09,2026-10-01
goods_exports,2011-10,2011-10-31,M,23115.0,2011-12-10,2026-10-01
goods_exports,2011-11,2011-11-30,M,22903.0,2012-01-09,2026-10-01
goods_exports,2011-12,2011-12-31,M,22897.0,2012-02-09,2026-10-01
goods_exports,2012-01,2012-01-31,M,20580.0,2012-03-11,2026-10-01
goods_exports,2012-02,2012-02-29,M,20553.0,2012-04-09,2026-10-01
goods_exports,2012-03,2012-03-31,M,20790.0,2012-05-10,2026-10-01
goods_exports,2012-04,2012-04-30,M,21734.0,2012-06-09,2026-10-01
goods_exports,2012-05,2012-05-31,M,22064.0,2012-07-10,2026-10-01
goods_exports,2012-06,2012-06-30,M,21856.0,2012-08-09,2026-10-01
goods_exports,2012-07,2012-07-31,M,21258.0,2012-09-09,2026-10-01
goods_exports,2012-08,2012-08-31,M,20140.0,2012-10-10,2026-10-01
goods_exports,2012-09,2012-09-30,M,19835.0,2012-11-09,2026-10-01
goods_exports,2012-10,2012-10-31,M,20230.0,2012-12-10,2026-10-01
goods_exports,2012-11,2012-11-30,M,20348.0,2013-01-09,2026-10-01
goods_exports,2012-12,2012-12-31,M,20335.0,2013-02-09,2026-10-01
goods_exports,2013-01,2013-01-31,M,19997.0,2013-03-12,2026-10-01
goods_exports,2013-02,2013-02-28,M,20543.0,2013-04-09,2026-10-01
goods_exports,2013-03,2013-03-31,M,21189.0,2013-05-10,2026-10-01
goods_exports,2013-04,2013-04-30,M,21083.0,2013-06-09,2026-10-01
goods_exports,2013-05,2013-05-31,M,22033.0,2013-07-10,2026-10-01
goods_exports,2013-06,2013-06-30,M,21820.0,2013-08-09,2026-10-01
goods_exports,2013-07,2013-07-31,M,21870.0,2013-09-09,2026-10-01
goods_exports,2013-08,2013-08-31,M,22997.0,2013-10-10,2026-10-01
goods_exports,2013-09,2013-09-30,M,22773.0,2013-11-09,2026-10-01
goods_exports,2013-10,2013-10-31,M,22705.0,2013-12-10,2026-10-01
goods_exports,2013-11,2013-11-30,M,22411.0,2014-01-09,2026-10-01
goods_exports,2013-12,2013-12-31,M,23558.0,2014-02-09,2026-10-01
goods_exports,2014-01,2014-01-31,M,24080.0,2014-03-12,2026-10-01
goods_exports,2014-02,2014-02-28,M,24135.0,2014-04-09,2026-10-01
goods_exports,2014-03,2014-03-31,M,23579.0,2014-05-10,2026-10-01
goods_exports,2014-04,2014-04-30,M,22733.0,2014-06-09,2026-10-01
goods_exports,2014-05,2014-05-31,M,21571.0,2014-07-10,2026-10-01
goods_exports,2014-06,2014-06-30,M,21479.0,2014-08-09,2026-10-01
goods_exports,2014-07,2014-07-31,M,21978.0,2014-09-09,2026-10-01
goods_exports,2014-08,2014-08-31,M,21427.0,2014-10-10,2026-10-01
goods_exports,2014-09,2014-09-30,M,21167.0,2014-11-09,2026-10-01
goods_exports,2014-10,2014-10-31,M,21800.0,2014-12-10,2026-10-01
goods_exports,2014-11,2014-11-30,M,21492.0,2015-01-09,2026-10-01
goods_exports,2014-12,2014-12-31,M,21673.0,2015-02-09,2026-10-01
goods_exports,2015-01,2015-01-31,M,21777.0,2015-03-12,2026-10-01
goods_exports,2015-02,2015-02-28,M,21990.0,2015-04-09,2026-10-01
goods_exports,2015-03,2015-03-31,M,21487.0,2015-05-10,2026-10-01
goods_exports,2015-04,2015-04-30,M,19620.0,2015-06-09,2026-10-01
goods_exports,2015-05,2015-05-31,M,20092.0,2015-07-10,2026-10-01
goods_exports,2015-06,2015-06-30,M,20754.0,2015-08-09,2026-10-01
goods_exports,2015-07,2015-07-31,M,21265.0,2015-09-09,2026-10-01
goods_exports,2015-08,2015-08-31,M,21205.0,2015-10-10,2026-10-01
goods_exports,2015-09,2015-09-30,M,21906.0,2015-11-09,2026-10-01
goods_exports,2015-10,2015-10-31,M,21274.0,2015-12-10,2026-10-01
goods_exports,2015-11,2015-11-30,M,20295.0,2016-01-09,2026-10-01
goods_exports,2015-12,2015-12-31,M,19103.0,2016-02-09,2026-10-01
goods_exports,2016-01,2016-01-31,M,18937.0,2016-03-11,2026-10-01
goods_exports,2016-02,2016-02-29,M,19421.0,2016-04-09,2026-10-01
goods_exports,2016-03,2016-03-31,M,19921.0,2016-05-10,2026-10-01
goods_exports,2016-04,2016-04-30,M,20269.0,2016-06-09,2026-10-01
goods_exports,2016-05,2016-05-31,M,20347.0,2016-07-10,2026-10-01
goods_exports,2016-06,2016-06-30,M,19863.0,2016-08-09,2026-10-01
goods_exports,2016-07,2016-07-31,M,21139.0,2016-09-09,2026-10-01
goods_exports,2016-08,2016-08-31,M,21147.0,2016-10-10,2026-10-01
goods_exports,2016-09,2016-09-30,M,21687.0,2016-11-09,2026-10-01
goods_exports,2016-10,2016-10-31,M,22428.0,2016-12-10,2026-10-01
goods_exports,2016-11,2016-11-30,M,25379.0,2017-01-09,2026-10-01
goods_exports,2016-12,2016-12-31,M,27731.0,2017-02-09,2026-10-01
goods_exports,2017-01,2017-01-31,M,25487.0,2017-03-12,2026-10-01
goods_exports,2017-02,2017-02-28,M,25626.0,2017-04-09,2026-10-01
goods_exports,2017-03,2017-03-31,M,26023.0,2017-05-10,2026-10-01
goods_exports,2017-04,2017-04-30,M,23723.0,2017-06-09,2026-10-01
goods_exports,2017-05,2017-05-31,M,25723.0,2017-07-10,2026-10-01
goods_exports,2017-06,2017-06-30,M,24946.0,2017-08-09,2026-10-01
goods_exports,2017-07,2017-07-31,M,25222.0,2017-09-09,2026-10-01
goods_exports,2017-08,2017-08-31,M,24868.0,2017-10-10,2026-10-01
goods_exports,2017-09,2017-09-30,M,25414.0,2017-11-09,2026-10-01
goods_exports,2017-10,2017-10-31,M,24739.0,2017-12-10,2026-10-01
goods_exports,2017-11,2017-11-30,M,24821.0,2018-01-09,2026-10-01
goods_exports,2017-12,2017-12-31,M,25572.0,2018-02-09,2026-10-01
goods_exports,2018-01,2018-01-31,M,26863.0,2018-03-12,2026-10-01
goods_exports,2018-02,2018-02-28,M,27035.0,2018-04-09,2026-10-01
goods_exports,2018-03,2018-03-31,M,26903.0,2018-05-10,2026-10-01
goods_exports,2018-04,2018-04-30,M,26971.0,2018-06-09,2026-10-01
goods_exports,2018-05,2018-05-31,M,28081.0,2018-07-10,2026-10-01
goods_exports,2018-06,2018-06-30,M,28902.0,2018-08-09,2026-10-01
goods_exports,2018-07,2018-07-31,M,29572.0,2018-09-09,2026-10-01
goods_exports,2018-08,2018-08-31,M,29719.0,2018-10-10,2026-10-01
goods_exports,2018-09,2018-09-30,M,30068.0,2018-11-09,2026-10-01
goods_exports,2018-10,2018-10-31,M,30648.0,2018-12-10,2026-10-01
goods_exports,2018-11,2018-11-30,M,30502.0,2019-01-09,2026-10-01
goods_exports,2018-12,2018-12-31,M,30105.0,2019-02-09,2026-10-01
goods_exports,2019-01,2019-01-31,M,31633.0,2019-03-12,2026-10-01
goods_exports,2019-02,2019-02-28,M,31489.0,2019-04-09,2026-10-01
goods_exports,2019-03,2019-03-31,M,30415.0,2019-05-10,2026-10-01
goods_exports,2019-04,2019-04-30,M,31809.0,2019-06-09,2026-10-01
goods_exports,2019-05,2019-05-31,M,33408.0,2019-07-10,2026-10-01
goods_exports,2019-06,2019-06-30,M,33775.0,2019-08-09,2026-10-01
goods_exports,2019-07,2019-07-31,M,35747.0,2019-09-09,2026-10-01
goods_exports,2019-08,2019-08-31,M,33525.0,2019-10-10,2026-10-01
goods_exports,2019-09,2019-09-30,M,33327.0,2019-11-09,2026-10-01
goods_exports,2019-10,2019-10-31,M,31691.0,2019-12-10,2026-10-01
goods_exports,2019-11,2019-11-30,M,31990.0,2020-01-09,2026-10-01
goods_exports,2019-12,2019-12-31,M,31945.0,2020-02-09,2026-10-01
goods_exports,2020-01,2020-01-31,M,30468.0,2020-03-11,2026-10-01
goods_exports,2020-02,2020-02-29,M,29353.0,2020-04-09,2026-10-01
goods_exports,2020-03,2020-03-31,M,34169.0,2020-05-10,2026-10-01
goods_exports,2020-04,2020-04-30,M,31834.0,2020-06-09,2026-10-01
goods_exports,2020-05,2020-05-31,M,28877.0,2020-07-10,2026-10-01
goods_exports,2020-06,2020-06-30,M,29135.0,2020-08-09,2026-10-01
goods_exports,2020-07,2020-07-31,M,29261.0,2020-09-09,2026-10-01
goods_exports,2020-08,2020-08-31,M,28031.0,2020-10-10,2026-10-01
goods_exports,2020-09,2020-09-30,M,28683.0,2020-11-09,2026-10-01
goods_exports,2020-10,2020-10-31,M,30572.0,2020-12-10,2026-10-01
goods_exports,2020-11,2020-11-30,M,30530.0,2021-01-09,2026-10-01
goods_exports,2020-12,2020-12-31,M,33089.0,2021-02-09,2026-10-01
goods_exports,2021-01,2021-01-31,M,33928.0,2021-03-12,2026-10-01
goods_exports,2021-02,2021-02-28,M,34579.0,2021-04-09,2026-10-01
goods_exports,2021-03,2021-03-31,M,34288.0,2021-05-10,2026-10-01
goods_exports,2021-04,2021-04-30,M,35971.0,2021-06-09,2026-10-01
goods_exports,2021-05,2021-05-31,M,37159.0,2021-07-10,2026-10-01
goods_exports,2021-06,2021-06-30,M,38665.0,2021-08-09,2026-10-01
goods_exports,2021-07,2021-07-31,M,42986.0,2021-09-09,2026-10-01
goods_exports,2021-08,2021-08-31,M,42035.0,2021-10-10,2026-10-01
goods_exports,2021-09,2021-09-30,M,38595.0,2021-11-09,2026-10-01
goods_exports,2021-10,2021-10-31,M,38553.0,2021-12-10,2026-10-01
goods_exports,2021-11,2021-11-30,M,40141.0,2022-01-09,2026-10-01
goods_exports,2021-12,2021-12-31,M,40542.0,2022-02-09,2026-10-01
goods_exports,2022-01,2022-01-31,M,44660.0,2022-03-12,2026-10-01
goods_exports,2022-02,2022-02-28,M,45157.0,2022-04-09,2026-10-01
goods_exports,2022-03,2022-03-31,M,45132.0,2022-05-10,2026-10-01
goods_exports,2022-04,2022-04-30,M,48736.0,2022-06-09,2026-10-01
goods_exports,2022-05,2022-05-31,M,51291.0,2022-07-10,2026-10-01
goods_exports,2022-06,2022-06-30,M,55109.0,2022-08-09,2026-10-01
goods_exports,2022-07,2022-07-31,M,49025.0,2022-09-09,2026-10-01
goods_exports,2022-08,2022-08-31,M,50816.0,2022-10-10,2026-10-01
goods_exports,2022-09,2022-09-30,M,53932.0,2022-11-09,2026-10-01
goods_exports,2022-10,2022-10-31,M,52489.0,2022-12-10,2026-10-01
goods_exports,2022-11,2022-11-30,M,50137.0,2023-01-09,2026-10-01
goods_exports,2022-12,2022-12-31,M,48974.0,2023-02-09,2026-10-01
goods_exports,2023-01,2023-01-31,M,49590.0,2023-03-12,2026-10-01
goods_exports,2023-02,2023-02-28,M,48596.0,2023-04-09,2026-10-01
goods_exports,2023-03,2023-03-31,M,49949.0,2023-05-10,2026-10-01
goods_exports,2023-04,2023-04-30,M,45906.0,2023-06-09,2026-10-01
goods_exports,2023-05,2023-05-31,M,47179.0,2023-07-10,2026-10-01
goods_exports,2023-06,2023-06-30,M,44955.0,2023-08-09,2026-10-01
goods_exports,2023-07,2023-07-31,M,44341.0,2023-09-09,2026-10-01
goods_exports,2023-08,2023-08-31,M,46790.0,2023-10-10,2026-10-01
goods_exports,2023-09,2023-09-30,M,45408.0,2023-11-09,2026-10-01
goods_exports,2023-10,2023-10-31,M,46197.0,2023-12-10,2026-10-01
goods_exports,2023-11,2023-11-30,M,45693.0,2024-01-09,2026-10-01
goods_exports,2023-12,2023-12-31,M,44675.0,2024-02-09,2026-10-01
goods_exports,2024-01,2024-01-31,M,45506.0,2024-03-11,2026-10-01
goods_exports,2024-02,2024-02-29,M,45641.0,2024-04-09,2026-10-01
goods_exports,2024-03,2024-03-31,M,43578.0,2024-05-10,2026-10-01
goods_exports,2024-04,2024-04-30,M,42634.0,2024-06-09,2026-10-01
goods_exports,2024-05,2024-05-31,M,43052.0,2024-07-10,2026-10-01
goods_exports,2024-06,2024-06-30,M,42949.0,2024-08-09,2026-10-01
goods_exports,2024-07,2024-07-31,M,42804.0,2024-09-09,2026-10-01
goods_exports,2024-08,2024-08-31,M,42751.0,2024-10-10,2026-10-01
goods_exports,2024-09,2024-09-30,M,40392.0,2024-11-09,2026-10-01
goods_exports,2024-10,2024-10-31,M,41299.0,2024-12-10,2026-10-01
goods_exports,2024-11,2024-11-30,M,42756.0,2025-01-09,2026-10-01
goods_exports,2024-12,2024-12-31,M,42684.0,2025-02-09,2026-10-01
goods_exports,2025-01,2025-01-31,M,43566.0,2025-03-12,2026-10-01
goods_exports,2025-02,2025-02-28,M,42019.0,2025-04-09,2026-10-01
goods_exports,2025-03,2025-03-31,M,44893.0,2025-05-10,2026-10-01
goods_exports,2025-04,2025-04-30,M,43047.0,2025-06-09,2026-10-01
goods_exports,2025-05,2025-05-31,M,41921.0,2025-07-10,2026-10-01
goods_exports,2025-06,2025-06-30,M,43999.0,2025-08-09,2026-10-01
goods_exports,2025-07,2025-07-31,M,45207.0,2025-09-09,2026-10-01
goods_exports,2025-08,2025-08-31,M,41120.0,2025-10-10,2026-10-01
goods_exports,2025-09,2025-09-30,M,44128.0,2025-11-09,2026-10-01
goods_exports,2025-10,2025-10-31,M,45828.0,2025-12-10,2026-10-01
goods_exports,2025-11,2025-11-30,M,44106.0,2026-01-09,2026-10-01
goods_exports,2025-12,2025-12-31,M,44230.0,2026-02-09,2026-10-01
goods_exports,2026-01,2026-01-31,M,43659.0,2026-03-12,2026-10-01
goods_exports,2026-02,2026-02-28,M,45299.0,2026-04-09,2026-10-01
goods_exports,2026-03,2026-03-31,M,43358.0,2026-05-10,2026-10-01
goods_exports,2026-04,2026-04-30,M,47037.0,2026-06-09,2026-10-01
goods_exports,2026-05,2026-05-31,M,43206.0,2026-07-10,2026-10-01
goods_exports,2026-06,2026-06-30,M,47411.0,2026-08-09,2026-10-01
goods_exports,2026-07,2026-07-31,M,45726.0,2026-09-09,2026-10-01
goods_exports,2026-08,2026-08-31,M,47433.0,2026-10-10,2026-10-01
hours_worked,1978-07,1978-07-31,M,908051.662654,1978-08-26,2026-10-01
hours_worked,1978-08,1978-08-31,M,911475.877949,1978-09-26,2026-10-01
hours_worked,1978-09,1978-09-30,M,909793.094482,1978-10-26,2026-10-01
hours_worked,1978-10,1978-10-31,M,911104.99902,1978-11-26,2026-10-01
hours_worked,1978-11,1978-11-30,M,909820.807034,1978-12-26,2026-10-01
hours_worked,1978-12,1978-12-31,M,914725.043778,1979-01-26,2026-10-01
hours_worked,1979-01,1979-01-31,M,911960.508397,1979-02-26,2026-10-01
hours_worked,1979-02,1979-02-28,M,916904.56893,1979-03-26,2026-10-01
hours_worked,1979-03,1979-03-31,M,918587.917824,1979-04-26,2026-10-01
hours_worked,1979-04,1979-04-30,M,927813.680499,1979-05-26,2026-10-01
hours_worked,1979-05,1979-05-31,M,927471.431071,1979-06-26,2026-10-01
hours_worked,1979-06,1979-06-30,M,948263.384576,1979-07-26,2026-10-01
hours_worked,1979-07,1979-07-31,M,923151.812567,1979-08-26,2026-10-01
hours_worked,1979-08,1979-08-31,M,929859.684321,1979-09-26,2026-10-01
hours_worked,1979-09,1979-09-30,M,930379.764318,1979-10-26,2026-10-01
hours_worked,1979-10,1979-10-31,M,933301.704363,1979-11-26,2026-10-01
hours_worked,1979-11,1979-11-30,M,936581.481211,1979-12-26,2026-10-01
hours_worked,1979-12,1979-12-31,M,939153.572696,1980-01-26,2026-10-01
hours_worked,1980-01,1980-01-31,M,941820.675469,1980-02-26,2026-10-01
hours_worked,1980-02,1980-02-29,M,940932.750313,1980-03-26,2026-10-01
hours_worked,1980-03,1980-03-31,M,942527.42528,1980-04-26,2026-10-01
hours_worked,1980-04,1980-04-30,M,939730.025463,1980-05-26,2026-10-01
hours_worked,1980-05,1980-05-31,M,948440.063314,1980-06-26,2026-10-01
hours_worked,1980-06,1980-06-30,M,981520.991933,1980-07-26,2026-10-01
hours_worked,1980-07,1980-07-31,M,956610.940274,1980-08-26,2026-10-01
hours_worked,1980-08,1980-08-31,M,954580.642843,1980-09-26,2026-10-01
hours_worked,1980-09,1980-09-30,M,958670.352073,1980-10-26,2026-10-01
hours_worked,1980-10,1980-10-31,M,962025.840607,1980-11-26,2026-10-01
hours_worked,1980-11,1980-11-30,M,957965.5169,1980-12-26,2026-10-01
hours_worked,1980-12,1980-12-31,M,959078.345505,1981-01-26,2026-10-01
hours_worked,1981-01,1981-01-31,M,957143.9133,1981-02-26,2026-10-01
hours_worked,1981-02,1981-02-28,M,961341.877071,1981-03-26,2026-10-01
hours_worked,1981-03,1981-03-31,M,960858.054218,1981-04-26,2026-10-01
hours_worked,1981-04,1981-04-30,M,977719.624195,1981-05-26,2026-10-01
hours_worked,1981-05,1981-05-31,M,964097.141527,1981-06-26,2026-10-01
hours_worked,1981-06,1981-06-30,M,966991.388067,1981-07-26,2026-10-01
hours_worked,1981-07,1981-07-31,M,968957.391679,1981-08-26,2026-10-01
hours_worked,1981-08,1981-08-31,M,965197.86392,1981-09-26,2026-10-01
hours_worked,1981-09,1981-09-30,M,977465.677831,1981-10-26,2026-10-01
hours_worked,1981-10,1981-10-31,M,965759.265168,1981-11-26,2026-10-01
hours_worked,1981-11,1981-11-30,M,958018.839039,1981-12-26,2026-10-01
hours_worked,1981-12,1981-12-31,M,969904.379971,1982-01-26,2026-10-01
hours_worked,1982-01,1982-01-31,M,967791.160728,1982-02-26,2026-10-01
hours_worked,1982-02,1982-02-28,M,969272.567029,1982-03-26,2026-10-01
hours_worked,1982-03,1982-03-31,M,968067.513567,1982-04-26,2026-10-01
hours_worked,1982-04,1982-04-30,M,961009.633152,1982-05-26,2026-10-01
hours_worked,1982-05,1982-05-31,M,959851.94282,1982-06-26,2026-10-01
hours_worked,1982-06,1982-06-30,M,955850.803585,1982-07-26,2026-10-01
hours_worked,1982-07,1982-07-31,M,955494.647958,1982-08-26,2026-10-01
hours_worked,1982-08,1982-08-31,M,950865.737444,1982-09-26,2026-10-01
hours_worked,1982-09,1982-09-30,M,947050.90719,1982-10-26,2026-10-01
hours_worked,1982-10,1982-10-31,M,953496.657494,1982-11-26,2026-10-01
hours_worked,1982-11,1982-11-30,M,938794.347869,1982-12-26,2026-10-01
hours_worked,1982-12,1982-12-31,M,929402.394714,1983-01-26,2026-10-01
hours_worked,1983-01,1983-01-31,M,921238.913625,1983-02-26,2026-10-01
hours_worked,1983-02,1983-02-28,M,922886.825796,1983-03-26,2026-10-01
hours_worked,1983-03,1983-03-31,M,925124.044448,1983-04-26,2026-10-01
hours_worked,1983-04,1983-04-30,M,916319.1731,1983-05-26,2026-10-01
hours_worked,1983-05,1983-05-31,M,918457.251232,1983-06-26,2026-10-01
hours_worked,1983-06,1983-06-30,M,921516.917891,1983-07-26,2026-10-01
hours_worked,1983-07,1983-07-31,M,923778.339717,1983-08-26,2026-10-01
hours_worked,1983-08,1983-08-31,M,931639.368932,1983-09-26,2026-10-01
hours_worked,1983-09,1983-09-30,M,933428.458408,1983-10-26,2026-10-01
hours_worked,1983-10,1983-10-31,M,938357.922416,1983-11-26,2026-10-01
hours_worked,1983-11,1983-11-30,M,948704.092198,1983-12-26,2026-10-01
hours_worked,1983-12,1983-12-31,M,948470.98643,1984-01-26,2026-10-01
hours_worked,1984-01,1984-01-31,M,958440.271967,1984-02-26,2026-10-01
hours_worked,1984-02,1984-02-29,M,947381.71181,1984-03-26,2026-10-01
hours_worked,1984-03,1984-03-31,M,958036.012835,1984-04-26,2026-10-01
hours_worked,1984-04,1984-04-30,M,971670.119844,1984-05-26,2026-10-01
hours_worked,1984-05,1984-05-31,M,971683.841537,1984-06-26,2026-10-01
hours_worked,1984-06,1984-06-30,M,969809.621163,1984-07-26,2026-10-01
hours_worked,1984-07,1984-07-31,M,970222.283766,1984-08-26,2026-10-01
hours_worked,1984-08,1984-08-31,M,974307.007884,1984-09-26,2026-10-01
hours_worked,1984-09,1984-09-30,M,972287.985166,1984-10-26,2026-10-01
hours_worked,1984-10,1984-10-31,M,973567.421878,1984-11-26,2026-10-01
hours_worked,1984-11,1984-11-30,M,971943.250623,1984-12-26,2026-10-01
hours_worked,1984-12,1984-12-31,M,977568.37447,1985-01-26,2026-10-01
hours_worked,1985-01,1985-01-31,M,977846.749375,1985-02-26,2026-10-01
hours_worked,1985-02,1985-02-28,M,979557.903058,1985-03-26,2026-10-01
hours_worked,1985-03,1985-03-31,M,980189.051474,1985-04-26,2026-10-01
hours_worked,1985-04,1985-04-30,M,976807.131347,1985-05-26,2026-10-01
hours_worked,1985-05,1985-05-31,M,992459.54579,1985-06-26,2026-10-01
hours_worked,1985-06,1985-06-30,M,990243.791157,1985-07-26,2026-10-01
hours_worked,1985-07,1985-07-31,M,992953.091188,1985-08-26,2026-10-01
hours_worked,1985-08,1985-08-31,M,1000787.298733,1985-09-26,2026-10-01
hours_worked,1985-09,1985-09-30,M,1004147.460739,1985-10-26,2026-10-01
hours_worked,1985-10,1985-10-31,M,1005396.297685,1985-11-26,2026-10-01
hours_worked,1985-11,1985-11-30,M,1017316.500131,1985-12-26,2026-10-01
hours_worked,1985-12,1985-12-31,M,1017612.503107,1986-01-26,2026-10-01
hours_worked,1986-01,1986-01-31,M,1031453.355296,1986-02-26,2026-10-01
hours_worked,1986-02,1986-02-28,M,1025210.892319,1986-03-26,2026-10-01
hours_worked,1986-03,1986-03-31,M,1033658.940072,1986-04-26,2026-10-01
hours_worked,1986-04,1986-04-30,M,1039802.846001,1986-05-26,2026-10-01
hours_worked,1986-05,1986-05-31,M,1024597.417919,1986-06-26,2026-10-01
hours_worked,1986-06,1986-06-30,M,1043803.249853,1986-07-26,2026-10-01
hours_worked,1986-07,1986-07-31,M,1039674.827194,1986-08-26,2026-10-01
hours_worked,1986-08,1986-08-31,M,1040008.185264,1986-09-26,2026-10-01
hours_worked,1986-09,1986-09-30,M,1041413.914237,1986-10-26,2026-10-01
hours_worked,1986-10,1986-10-31,M,1047363.213115,1986-11-26,2026-10-01
hours_worked,1986-11,1986-11-30,M,1042146.987163,1986-12-26,2026-10-01
hours_worked,1986-12,1986-12-31,M,1045584.218606,1987-01-26,2026-10-01
hours_worked,1987-01,1987-01-31,M,1038249.433936,1987-02-26,2026-10-01
hours_worked,1987-02,1987-02-28,M,1047253.047342,1987-03-26,2026-10-01
hours_worked,1987-03,1987-03-31,M,1046434.419127,1987-04-26,2026-10-01
hours_worked,1987-04,1987-04-30,M,1065610.600864,1987-05-26,2026-10-01
hours_worked,1987-05,1987-05-31,M,1048456.185668,1987-06-26,2026-10-01
hours_worked,1987-06,1987-06-30,M,1061220.702372,1987-07-26,2026-10-01
hours_worked,1987-07,1987-07-31,M,1068544.290083,1987-08-26,2026-10-01
hours_worked,1987-08,1987-08-31,M,1058999.939204,1987-09-26,2026-10-01
hours_worked,1987-09,1987-09-30,M,1067326.904478,1987-10-26,2026-10-01
hours_worked,1987-10,1987-10-31,M,1071923.657324,1987-11-26,2026-10-01
hours_worked,1987-11,1987-11-30,M,1070259.990049,1987-12-26,2026-10-01
hours_worked,1987-12,1987-12-31,M,1082216.251325,1988-01-26,2026-10-01
hours_worked,1988-01,1988-01-31,M,1083247.451708,1988-02-26,2026-10-01
hours_worked,1988-02,1988-02-29,M,1090853.93754,1988-03-26,2026-10-01
hours_worked,1988-03,1988-03-31,M,1088759.74302,1988-04-26,2026-10-01
hours_worked,1988-04,1988-04-30,M,1075142.451022,1988-05-26,2026-10-01
hours_worked,1988-05,1988-05-31,M,1097709.051668,1988-06-26,2026-10-01
hours_worked,1988-06,1988-06-30,M,1091826.652499,1988-07-26,2026-10-01
hours_worked,1988-07,1988-07-31,M,1073735.857402,1988-08-26,2026-10-01
hours_worked,1988-08,1988-08-31,M,1105778.935333,1988-09-26,2026-10-01
hours_worked,1988-09,1988-09-30,M,1114647.595061,1988-10-26,2026-10-01
hours_worked,1988-10,1988-10-31,M,1119475.107821,1988-11-26,2026-10-01
hours_worked,1988-11,1988-11-30,M,1125933.372953,1988-12-26,2026-10-01
hours_worked,1988-12,1988-12-31,M,1123825.841573,1989-01-26,2026-10-01
hours_worked,1989-01,1989-01-31,M,1130914.297581,1989-02-26,2026-10-01
hours_worked,1989-02,1989-02-28,M,1147651.740313,1989-03-26,2026-10-01
hours_worked,1989-03,1989-03-31,M,1145764.385182,1989-04-26,2026-10-01
hours_worked,1989-04,1989-04-30,M,1138659.288391,1989-05-26,2026-10-01
hours_worked,1989-05,1989-05-31,M,1149663.497829,1989-06-26,2026-10-01
hours_worked,1989-06,1989-06-30,M,1152265.270709,1989-07-26,2026-10-01
hours_worked,1989-07,1989-07-31,M,1153577.769156,1989-08-26,2026-10-01
hours_worked,1989-08,1989-08-31,M,1165880.264384,1989-09-26,2026-10-01
hours_worked,1989-09,1989-09-30,M,1163496.606119,1989-10-26,2026-10-01
hours_worked,1989-10,1989-10-31,M,1168155.02002,1989-11-26,2026-10-01
hours_worked,1989-11,1989-11-30,M,1173388.98352,1989-12-26,2026-10-01
hours_worked,1989-12,1989-12-31,M,1170702.990252,1990-01-26,2026-10-01
hours_worked,1990-01,1990-01-31,M,1154949.104179,1990-02-26,2026-10-01
hours_worked,1990-02,1990-02-28,M,1167305.858554,1990-03-26,2026-10-01
hours_worked,1990-03,1990-03-31,M,1173416.61161,1990-04-26,2026-10-01
hours_worked,1990-04,1990-04-30,M,1184407.312203,1990-05-26,2026-10-01
hours_worked,1990-05,1990-05-31,M,1174317.699409,1990-06-26,2026-10-01
hours_worked,1990-06,1990-06-30,M,1174002.395646,1990-07-26,2026-10-01
hours_worked,1990-07,1990-07-31,M,1184599.950597,1990-08-26,2026-10-01
hours_worked,1990-08,1990-08-31,M,1165930.723942,1990-09-26,2026-10-01
hours_worked,1990-09,1990-09-30,M,1166318.231613,1990-10-26,2026-10-01
hours_worked,1990-10,1990-10-31,M,1151421.018616,1990-11-26,2026-10-01
hours_worked,1990-11,1990-11-30,M,1150689.503677,1990-12-26,2026-10-01
hours_worked,1990-12,1990-12-31,M,1152548.207,1991-01-26,2026-10-01
hours_worked,1991-01,1991-01-31,M,1143740.649899,1991-02-26,2026-10-01
hours_worked,1991-02,1991-02-28,M,1139797.031688,1991-03-26,2026-10-01
hours_worked,1991-03,1991-03-31,M,1132928.021953,1991-04-26,2026-10-01
hours_worked,1991-04,1991-04-30,M,1127927.734303,1991-05-26,2026-10-01
hours_worked,1991-05,1991-05-31,M,1132121.941822,1991-06-26,2026-10-01
hours_worked,1991-06,1991-06-30,M,1124916.720545,1991-07-26,2026-10-01
hours_worked,1991-07,1991-07-31,M,1129138.182437,1991-08-26,2026-10-01
hours_worked,1991-08,1991-08-31,M,1121975.304679,1991-09-26,2026-10-01
hours_worked,1991-09,1991-09-30,M,1126367.896267,1991-10-26,2026-10-01
hours_worked,1991-10,1991-10-31,M,1128621.138936,1991-11-26,2026-10-01
hours_worked,1991-11,1991-11-30,M,1126090.863751,1991-12-26,2026-10-01
hours_worked,1991-12,1991-12-31,M,1121458.933498,1992-01-26,2026-10-01
hours_worked,1992-01,1992-01-31,M,1122326.101733,1992-02-26,2026-10-01
hours_worked,1992-02,1992-02-29,M,1119979.480981,1992-03-26,2026-10-01
hours_worked,1992-03,1992-03-31,M,1126306.163754,1992-04-26,2026-10-01
hours_worked,1992-04,1992-04-30,M,1120808.804408,1992-05-26,2026-10-01
hours_worked,1992-05,1992-05-31,M,1118196.390602,1992-06-26,2026-10-01
hours_worked,1992-06,1992-06-30,M,1123589.415491,1992-07-26,2026-10-01
hours_worked,1992-07,1992-07-31,M,1123748.335841,1992-08-26,2026-10-01
hours_worked,1992-08,1992-08-31,M,1125196.252778,1992-09-26,2026-10-01
hours_worked,1992-09,1992-09-30,M,1123237.448445,1992-10-26,2026-10-01
hours_worked,1992-10,1992-10-31,M,1122721.055768,1992-11-26,2026-10-01
hours_worked,1992-11,1992-11-30,M,1116978.385719,1992-12-26,2026-10-01
hours_worked,1992-12,1992-12-31,M,1120755.462171,1993-01-26,2026-10-01
hours_worked,1993-01,1993-01-31,M,1128402.424616,1993-02-26,2026-10-01
hours_worked,1993-02,1993-02-28,M,1126050.544537,1993-03-26,2026-10-01
hours_worked,1993-03,1993-03-31,M,1138753.474468,1993-04-26,2026-10-01
hours_worked,1993-04,1993-04-30,M,1130634.311875,1993-05-26,2026-10-01
hours_worked,1993-05,1993-05-31,M,1129534.362435,1993-06-26,2026-10-01
hours_worked,1993-06,1993-06-30,M,1131269.537203,1993-07-26,2026-10-01
hours_worked,1993-07,1993-07-31,M,1127962.482278,1993-08-26,2026-10-01
hours_worked,1993-08,1993-08-31,M,1136832.524419,1993-09-26,2026-10-01
hours_worked,1993-09,1993-09-30,M,1134657.424697,1993-10-26,2026-10-01
hours_worked,1993-10,1993-10-31,M,1140446.61362,1993-11-26,2026-10-01
hours_worked,1993-11,1993-11-30,M,1157434.995495,1993-12-26,2026-10-01
hours_worked,1993-12,1993-12-31,M,1158291.738823,1994-01-26,2026-10-01
hours_worked,1994-01,1994-01-31,M,1159092.789074,1994-02-26,2026-10-01
hours_worked,1994-02,1994-02-28,M,1155858.249037,1994-03-26,2026-10-01
hours_worked,1994-03,1994-03-31,M,1159792.463761,1994-04-26,2026-10-01
hours_worked,1994-04,1994-04-30,M,1165780.321028,1994-05-26,2026-10-01
hours_worked,1994-05,1994-05-31,M,1175680.96048,1994-06-26,2026-10-01
hours_worked,1994-06,1994-06-30,M,1173819.729432,1994-07-26,2026-10-01
hours_worked,1994-07,1994-07-31,M,1183658.83272,1994-08-26,2026-10-01
hours_worked,1994-08,1994-08-31,M,1190546.68549,1994-09-26,2026-10-01
hours_worked,1994-09,1994-09-30,M,1191369.718162,1994-10-26,2026-10-01
hours_worked,1994-10,1994-10-31,M,1190381.86333,1994-11-26,2026-10-01
hours_worked,1994-11,1994-11-30,M,1192337.403542,1994-12-26,2026-10-01
hours_worked,1994-12,1994-12-31,M,1197493.505177,1995-01-26,2026-10-01
hours_worked,1995-01,1995-01-31,M,1201372.699088,1995-02-26,2026-10-01
hours_worked,1995-02,1995-02-28,M,1205984.784386,1995-03-26,2026-10-01
hours_worked,1995-03,1995-03-31,M,1208236.032559,1995-04-26,2026-10-01
hours_worked,1995-04,1995-04-30,M,1226276.075313,1995-05-26,2026-10-01
hours_worked,1995-05,1995-05-31,M,1219241.596811,1995-06-26,2026-10-01
hours_worked,1995-06,1995-06-30,M,1224926.300631,1995-07-26,2026-10-01
hours_worked,1995-07,1995-07-31,M,1225977.379816,1995-08-26,2026-10-01
hours_worked,1995-08,1995-08-31,M,1223907.993983,1995-09-26,2026-10-01
hours_worked,1995-09,1995-09-30,M,1228358.288639,1995-10-26,2026-10-01
hours_worked,1995-10,1995-10-31,M,1230533.645543,1995-11-26,2026-10-01
hours_worked,1995-11,1995-11-30,M,1233752.972625,1995-12-26,2026-10-01
hours_worked,1995-12,1995-12-31,M,1229966.554604,1996-01-26,2026-10-01
hours_worked,1996-01,1996-01-31,M,1241593.770129,1996-02-26,2026-10-01
hours_worked,1996-02,1996-02-29,M,1234959.772797,1996-03-26,2026-10-01
hours_worked,1996-03,1996-03-31,M,1235074.628421,1996-04-26,2026-10-01
hours_worked,1996-04,1996-04-30,M,1238914.639879,1996-05-26,2026-10-01
hours_worked,1996-05,1996-05-31,M,1226105.007677,1996-06-26,2026-10-01
hours_worked,1996-06,1996-06-30,M,1230441.251668,1996-07-26,2026-10-01
hours_worked,1996-07,1996-07-31,M,1233216.735629,1996-08-26,2026-10-01
hours_worked,1996-08,1996-08-31,M,1234620.704753,1996-09-26,2026-10-01
hours_worked,1996-09,1996-09-30,M,1232293.601459,1996-10-26,2026-10-01
hours_worked,1996-10,1996-10-31,M,1236921.100115,1996-11-26,2026-10-01
hours_worked,1996-11,1996-11-30,M,1232639.901469,1996-12-26,2026-10-01
hours_worked,1996-12,1996-12-31,M,1230412.389042,1997-01-26,2026-10-01
hours_worked,1997-01,1997-01-31,M,1237885.100111,1997-02-26,2026-10-01
hours_worked,1997-02,1997-02-28,M,1241205.717095,1997-03-26,2026-10-01
hours_worked,1997-03,1997-03-31,M,1241251.596431,1997-04-26,2026-10-01
hours_worked,1997-04,1997-04-30,M,1240597.316313,1997-05-26,2026-10-01
hours_worked,1997-05,1997-05-31,M,1237654.100885,1997-06-26,2026-10-01
hours_worked,1997-06,1997-06-30,M,1240782.895233,1997-07-26,2026-10-01
hours_worked,1997-07,1997-07-31,M,1236342.829544,1997-08-26,2026-10-01
hours_worked,1997-08,1997-08-31,M,1236296.468664,1997-09-26,2026-10-01
hours_worked,1997-09,1997-09-30,M,1243557.858933,1997-10-26,2026-10-01
hours_worked,1997-10,1997-10-31,M,1244118.482177,1997-11-26,2026-10-01
hours_worked,1997-11,1997-11-30,M,1250556.320474,1997-12-26,2026-10-01
hours_worked,1997-12,1997-12-31,M,1252637.350955,1998-01-26,2026-10-01
hours_worked,1998-01,1998-01-31,M,1252268.819128,1998-02-26,2026-10-01
hours_worked,1998-02,1998-02-28,M,1249915.075869,1998-03-26,2026-10-01
hours_worked,1998-03,1998-03-31,M,1249932.692431,1998-04-26,2026-10-01
hours_worked,1998-04,1998-04-30,M,1253964.99476,1998-05-26,2026-10-01
hours_worked,1998-05,1998-05-31,M,1250718.128631,1998-06-26,2026-10-01
hours_worked,1998-06,1998-06-30,M,1256156.384303,1998-07-26,2026-10-01
hours_worked,1998-07,1998-07-31,M,1254652.168491,1998-08-26,2026-10-01
hours_worked,1998-08,1998-08-31,M,1251372.048014,1998-09-26,2026-10-01
hours_worked,1998-09,1998-09-30,M,1254057.849339,1998-10-26,2026-10-01
hours_worked,1998-10,1998-10-31,M,1261319.430801,1998-11-26,2026-10-01
hours_worked,1998-11,1998-11-30,M,1261806.164855,1998-12-26,2026-10-01
hours_worked,1998-12,1998-12-31,M,1261613.796028,1999-01-26,2026-10-01
hours_worked,1999-01,1999-01-31,M,1258910.951825,1999-02-26,2026-10-01
hours_worked,1999-02,1999-02-28,M,1265441.107056,1999-03-26,2026-10-01
hours_worked,1999-03,1999-03-31,M,1272906.893876,1999-04-26,2026-10-01
hours_worked,1999-04,1999-04-30,M,1273936.603413,1999-05-26,2026-10-01
hours_worked,1999-05,1999-05-31,M,1271371.890686,1999-06-26,2026-10-01
hours_worked,1999-06,1999-06-30,M,1263707.303624,1999-07-26,2026-10-01
hours_worked,1999-07,1999-07-31,M,1276540.945928,1999-08-26,2026-10-01
hours_worked,1999-08,1999-08-31,M,1287989.317888,1999-09-26,2026-10-01
hours_worked,1999-09,1999-09-30,M,1286268.349221,1999-10-26,2026-10-01
hours_worked,1999-10,1999-10-31,M,1300368.168491,1999-11-26,2026-10-01
hours_worked,1999-11,1999-11-30,M,1300736.850606,1999-12-26,2026-10-01
hours_worked,1999-12,1999-12-31,M,1308328.203614,2000-01-26,2026-10-01
hours_worked,2000-01,2000-01-31,M,1323340.701082,2000-02-26,2026-10-01
hours_worked,2000-02,2000-02-29,M,1298858.250305,2000-03-26,2026-10-01
hours_worked,2000-03,2000-03-31,M,1301036.098686,2000-04-26,2026-10-01
hours_worked,2000-04,2000-04-30,M,1295836.495695,2000-05-26,2026-10-01
hours_worked,2000-05,2000-05-31,M,1310903.972958,2000-06-26,2026-10-01
hours_worked,2000-06,2000-06-30,M,1333452.425167,2000-07-26,2026-10-01
hours_worked,2000-07,2000-07-31,M,1338744.766463,2000-08-26,2026-10-01
hours_worked,2000-08,2000-08-31,M,1322543.155988,2000-09-26,2026-10-01
hours_worked,2000-09,2000-09-30,M,1324754.732283,2000-10-26,2026-10-01
hours_worked,2000-10,2000-10-31,M,1310885.154601,2000-11-26,2026-10-01
hours_worked,2000-11,2000-11-30,M,1303506.944738,2000-12-26,2026-10-01
hours_worked,2000-12,2000-12-31,M,1300093.151513,2001-01-26,2026-10-01
hours_worked,2001-01,2001-01-31,M,1306784.286827,2001-02-26,2026-10-01
hours_worked,2001-02,2001-02-28,M,1306420.874087,2001-03-26,2026-10-01
hours_worked,2001-03,2001-03-31,M,1302000.453085,2001-04-26,2026-10-01
hours_worked,2001-04,2001-04-30,M,1304471.738345,2001-05-26,2026-10-01
hours_worked,2001-05,2001-05-31,M,1312554.516716,2001-06-26,2026-10-01
hours_worked,2001-06,2001-06-30,M,1302478.403079,2001-07-26,2026-10-01
hours_worked,2001-07,2001-07-31,M,1307431.754293,2001-08-26,2026-10-01
hours_worked,2001-08,2001-08-31,M,1303494.766404,2001-09-26,2026-10-01
hours_worked,2001-09,2001-09-30,M,1308001.238669,2001-10-26,2026-10-01
hours_worked,2001-10,2001-10-31,M,1305631.101307,2001-11-26,2026-10-01
hours_worked,2001-11,2001-11-30,M,1309954.640119,2001-12-26,2026-10-01
hours_worked,2001-12,2001-12-31,M,1314251.489762,2002-01-26,2026-10-01
hours_worked,2002-01,2002-01-31,M,1299962.932024,2002-02-26,2026-10-01
hours_worked,2002-02,2002-02-28,M,1320956.335993,2002-03-26,2026-10-01
hours_worked,2002-03,2002-03-31,M,1331777.447455,2002-04-26,2026-10-01
hours_worked,2002-04,2002-04-30,M,1318433.700977,2002-05-26,2026-10-01
hours_worked,2002-05,2002-05-31,M,1325060.362728,2002-06-26,2026-10-01
hours_worked,2002-06,2002-06-30,M,1317471.4285,2002-07-26,2026-10-01
hours_worked,2002-07,2002-07-31,M,1320848.601103,2002-08-26,2026-10-01
hours_worked,2002-08,2002-08-31,M,1331718.583385,2002-09-26,2026-10-01
hours_worked,2002-09,2002-09-30,M,1333938.085227,2002-10-26,2026-10-01
hours_worked,2002-10,2002-10-31,M,1327071.594184,2002-11-26,2026-10-01
hours_worked,2002-11,2002-11-30,M,1345618.875108,2002-12-26,2026-10-01
hours_worked,2002-12,2002-12-31,M,1344829.890325,2003-01-26,2026-10-01
hours_worked,2003-01,2003-01-31,M,1354080.584883,2003-02-26,2026-10-01
hours_worked,2003-02,2003-02-28,M,1350660.335154,2003-03-26,2026-10-01
hours_worked,2003-03,2003-03-31,M,1350378.857222,2003-04-26,2026-10-01
hours_worked,2003-04,2003-04-30,M,1348620.649904,2003-05-26,2026-10-01
hours_worked,2003-05,2003-05-31,M,1344207.185239,2003-06-26,2026-10-01
hours_worked,2003-06,2003-06-30,M,1349502.872769,2003-07-26,2026-10-01
hours_worked,2003-07,2003-07-31,M,1350980.084621,2003-08-26,2026-10-01
hours_worked,2003-08,2003-08-31,M,1346649.694513,2003-09-26,2026-10-01
hours_worked,2003-09,2003-09-30,M,1348368.387625,2003-10-26,2026-10-01
hours_worked,2003-10,2003-10-31,M,1353758.160493,2003-11-26,2026-10-01
hours_worked,2003-11,2003-11-30,M,1359117.523065,2003-12-26,2026-10-01
hours_worked,2003-12,2003-12-31,M,1361355.722465,2004-01-26,2026-10-01
hours_worked,2004-01,2004-01-31,M,1361993.258628,2004-02-26,2026-10-01
hours_worked,2004-02,2004-02-29,M,1363981.12673,2004-03-26,2026-10-01
hours_worked,2004-03,2004-03-31,M,1365287.233911,2004-04-26,2026-10-01
hours_worked,2004-04,2004-04-30,M,1369056.577022,2004-05-26,2026-10-01
hours_worked,2004-05,2004-05-31,M,1366578.488104,2004-06-26,2026-10-01
hours_worked,2004-06,2004-06-30,M,1373333.344975,2004-07-26,2026-10-01
hours_worked,2004-07,2004-07-31,M,1358055.251229,2004-08-26,2026-10-01
hours_worked,2004-08,2004-08-31,M,1374067.290908,2004-09-26,2026-10-01
hours_worked,2004-09,2004-09-30,M,1380554.653755,2004-10-26,2026-10-01
hours_worked,2004-10,2004-10-31,M,1386610.211368,2004-11-26,2026-10-01
hours_worked,2004-11,2004-11-30,M,1389621.35818,2004-12-26,2026-10-01
hours_worked,2004-12,2004-12-31,M,1398194.186505,2005-01-26,2026-10-01
hours_worked,2005-01,2005-01-31,M,1413457.100013,2005-02-26,2026-10-01
hours_worked,2005-02,2005-02-28,M,1408970.512288,2005-03-26,2026-10-01
hours_worked,2005-03,2005-03-31,M,1414339.488461,2005-04-26,2026-10-01
hours_worked,2005-04,2005-04-30,M,1417524.363352,2005-05-26,2026-10-01
hours_worked,2005-05,2005-05-31,M,1416092.628843,2005-06-26,2026-10-01
hours_worked,2005-06,2005-06-30,M,1425854.012173,2005-07-26,2026-10-01
hours_worked,2005-07,2005-07-31,M,1420461.629147,2005-08-26,2026-10-01
hours_worked,2005-08,2005-08-31,M,1426783.975712,2005-09-26,2026-10-01
hours_worked,2005-09,2005-09-30,M,1421627.205159,2005-10-26,2026-10-01
hours_worked,2005-10,2005-10-31,M,1418256.201248,2005-11-26,2026-10-01
hours_worked,2005-11,2005-11-30,M,1418312.098625,2005-12-26,2026-10-01
hours_worked,2005-12,2005-12-31,M,1426491.988695,2006-01-26,2026-10-01
hours_worked,2006-01,2006-01-31,M,1411354.14495,2006-02-26,2026-10-01
hours_worked,2006-02,2006-02-28,M,1424844.046727,2006-03-26,2026-10-01
hours_worked,2006-03,2006-03-31,M,1430632.030489,2006-04-26,2026-10-01
hours_worked,2006-04,2006-04-30,M,1426248.476351,2006-05-26,2026-10-01
hours_worked,2006-05,2006-05-31,M,1447171.329911,2006-06-26,2026-10-01
hours_worked,2006-06,2006-06-30,M,1442584.692434,2006-07-26,2026-10-01
hours_worked,2006-07,2006-07-31,M,1453079.170523,2006-08-26,2026-10-01
hours_worked,2006-08,2006-08-31,M,1455340.600034,2006-09-26,2026-10-01
hours_worked,2006-09,2006-09-30,M,1458350.800356,2006-10-26,2026-10-01
hours_worked,2006-10,2006-10-31,M,1463307.503665,2006-11-26,2026-10-01
hours_worked,2006-11,2006-11-30,M,1457177.77495,2006-12-26,2026-10-01
hours_worked,2006-12,2006-12-31,M,1475806.867239,2007-01-26,2026-10-01
hours_worked,2007-01,2007-01-31,M,1443034.123757,2007-02-26,2026-10-01
hours_worked,2007-02,2007-02-28,M,1471115.352713,2007-03-26,2026-10-01
hours_worked,2007-03,2007-03-31,M,1482335.890312,2007-04-26,2026-10-01
hours_worked,2007-04,2007-04-30,M,1482024.786925,2007-05-26,2026-10-01
hours_worked,2007-05,2007-05-31,M,1491158.425832,2007-06-26,2026-10-01
hours_worked,2007-06,2007-06-30,M,1485229.581652,2007-07-26,2026-10-01
hours_worked,2007-07,2007-07-31,M,1495586.834312,2007-08-26,2026-10-01
hours_worked,2007-08,2007-08-31,M,1496630.904673,2007-09-26,2026-10-01
hours_worked,2007-09,2007-09-30,M,1485082.998584,2007-10-26,2026-10-01
hours_worked,2007-10,2007-10-31,M,1512782.131953,2007-11-26,2026-10-01
hours_worked,2007-11,2007-11-30,M,1515525.402374,2007-12-26,2026-10-01
hours_worked,2007-12,2007-12-31,M,1509101.269378,2008-01-26,2026-10-01
hours_worked,2008-01,2008-01-31,M,1509174.113719,2008-02-26,2026-10-01
hours_worked,2008-02,2008-02-29,M,1523946.497917,2008-03-26,2026-10-01
hours_worked,2008-03,2008-03-31,M,1523488.352328,2008-04-26,2026-10-01
hours_worked,2008-04,2008-04-30,M,1529387.011871,2008-05-26,2026-10-01
hours_worked,2008-05,2008-05-31,M,1532281.500545,2008-06-26,2026-10-01
hours_worked,2008-06,2008-06-30,M,1534747.413553,2008-07-26,2026-10-01
hours_worked,2008-07,2008-07-31,M,1549815.725377,2008-08-26,2026-10-01
hours_worked,2008-08,2008-08-31,M,1542851.63951,2008-09-26,2026-10-01
hours_worked,2008-09,2008-09-30,M,1538649.149093,2008-10-26,2026-10-01
hours_worked,2008-10,2008-10-31,M,1537918.619962,2008-11-26,2026-10-01
hours_worked,2008-11,2008-11-30,M,1530603.48105,2008-12-26,2026-10-01
hours_worked,2008-12,2008-12-31,M,1528810.433163,2009-01-26,2026-10-01
hours_worked,2009-01,2009-01-31,M,1550288.379253,2009-02-26,2026-10-01
hours_worked,2009-02,2009-02-28,M,1513802.602799,2009-03-26,2026-10-01
hours_worked,2009-03,2009-03-31,M,1513185.376019,2009-04-26,2026-10-01
hours_worked,2009-04,2009-04-30,M,1518126.506959,2009-05-26,2026-10-01
hours_worked,2009-05,2009-05-31,M,1504976.521183,2009-06-26,2026-10-01
hours_worked,2009-06,2009-06-30,M,1509188.426429,2009-07-26,2026-10-01
hours_worked,2009-07,2009-07-31,M,1502162.834595,2009-08-26,2026-10-01
hours_worked,2009-08,2009-08-31,M,1505015.209817,2009-09-26,2026-10-01
hours_worked,2009-09,2009-09-30,M,1517947.864118,2009-10-26,2026-10-01
hours_worked,2009-10,2009-10-31,M,1510242.232764,2009-11-26,2026-10-01
hours_worked,2009-11,2009-11-30,M,1530200.517537,2009-12-26,2026-10-01
hours_worked,2009-12,2009-12-31,M,1532352.616876,2010-01-26,2026-10-01
hours_worked,2010-01,2010-01-31,M,1535847.157024,2010-02-26,2026-10-01
hours_worked,2010-02,2010-02-28,M,1538015.33514,2010-03-26,2026-10-01
hours_worked,2010-03,2010-03-31,M,1526863.758006,2010-04-26,2026-10-01
hours_worked,2010-04,2010-04-30,M,1539465.910483,2010-05-26,2026-10-01
hours_worked,2010-05,2010-05-31,M,1556477.362008,2010-06-26,2026-10-01
hours_worked,2010-06,2010-06-30,M,1556009.525201,2010-07-26,2026-10-01
hours_worked,2010-07,2010-07-31,M,1551160.84349,2010-08-26,2026-10-01
hours_worked,2010-08,2010-08-31,M,1564798.477029,2010-09-26,2026-10-01
hours_worked,2010-09,2010-09-30,M,1563925.236887,2010-10-26,2026-10-01
hours_worked,2010-10,2010-10-31,M,1570329.928539,2010-11-26,2026-10-01
hours_worked,2010-11,2010-11-30,M,1573325.515242,2010-12-26,2026-10-01
hours_worked,2010-12,2010-12-31,M,1571644.923105,2011-01-26,2026-10-01
hours_worked,2011-01,2011-01-31,M,1583298.335435,2011-02-26,2026-10-01
hours_worked,2011-02,2011-02-28,M,1582003.95048,2011-03-26,2026-10-01
hours_worked,2011-03,2011-03-31,M,1582803.834617,2011-04-26,2026-10-01
hours_worked,2011-04,2011-04-30,M,1555172.974388,2011-05-26,2026-10-01
hours_worked,2011-05,2011-05-31,M,1576398.815896,2011-06-26,2026-10-01
hours_worked,2011-06,2011-06-30,M,1585041.875042,2011-07-26,2026-10-01
hours_worked,2011-07,2011-07-31,M,1585406.389619,2011-08-26,2026-10-01
hours_worked,2011-08,2011-08-31,M,1586980.636569,2011-09-26,2026-10-01
hours_worked,2011-09,2011-09-30,M,1584107.904417,2011-10-26,2026-10-01
hours_worked,2011-10,2011-10-31,M,1595346.050402,2011-11-26,2026-10-01
hours_worked,2011-11,2011-11-30,M,1588735.096474,2011-12-26,2026-10-01
hours_worked,2011-12,2011-12-31,M,1590151.491657,2012-01-26,2026-10-01
hours_worked,2012-01,2012-01-31,M,1592369.617345,2012-02-26,2026-10-01
hours_worked,2012-02,2012-02-29,M,1588871.991608,2012-03-26,2026-10-01
hours_worked,2012-03,2012-03-31,M,1597891.096639,2012-04-26,2026-10-01
hours_worked,2012-04,2012-04-30,M,1597513.22485,2012-05-26,2026-10-01
hours_worked,2012-05,2012-05-31,M,1607626.621413,2012-06-26,2026-10-01
hours_worked,2012-06,2012-06-30,M,1580293.645282,2012-07-26,2026-10-01
hours_worked,2012-07,2012-07-31,M,1590345.632033,2012-08-26,2026-10-01
hours_worked,2012-08,2012-08-31,M,1589519.14649,2012-09-26,2026-10-01
hours_worked,2012-09,2012-09-30,M,1599711.053667,2012-10-26,2026-10-01
hours_worked,2012-10,2012-10-31,M,1588036.885558,2012-11-26,2026-10-01
hours_worked,2012-11,2012-11-30,M,1602107.944763,2012-12-26,2026-10-01
hours_worked,2012-12,2012-12-31,M,1604153.689257,2013-01-26,2026-10-01
hours_worked,2013-01,2013-01-31,M,1602561.839787,2013-02-26,2026-10-01
hours_worked,2013-02,2013-02-28,M,1604230.613735,2013-03-26,2026-10-01
hours_worked,2013-03,2013-03-31,M,1597334.724797,2013-04-26,2026-10-01
hours_worked,2013-04,2013-04-30,M,1609418.530487,2013-05-26,2026-10-01
hours_worked,2013-05,2013-05-31,M,1607311.881019,2013-06-26,2026-10-01
hours_worked,2013-06,2013-06-30,M,1605637.017136,2013-07-26,2026-10-01
hours_worked,2013-07,2013-07-31,M,1615532.222441,2013-08-26,2026-10-01
hours_worked,2013-08,2013-08-31,M,1619993.762864,2013-09-26,2026-10-01
hours_worked,2013-09,2013-09-30,M,1607624.052498,2013-10-26,2026-10-01
hours_worked,2013-10,2013-10-31,M,1605223.299537,2013-11-26,2026-10-01
hours_worked,2013-11,2013-11-30,M,1604866.639148,2013-12-26,2026-10-01
hours_worked,2013-12,2013-12-31,M,1605510.435544,2014-01-26,2026-10-01
hours_worked,2014-01,2014-01-31,M,1596894.878391,2014-02-26,2026-10-01
hours_worked,2014-02,2014-02-28,M,1606908.110665,2014-03-26,2026-10-01
hours_worked,2014-03,2014-03-31,M,1613775.56546,2014-04-26,2026-10-01
hours_worked,2014-04,2014-04-30,M,1611302.613098,2014-05-26,2026-10-01
hours_worked,2014-05,2014-05-31,M,1612898.562212,2014-06-26,2026-10-01
hours_worked,2014-06,2014-06-30,M,1618065.998352,2014-07-26,2026-10-01
hours_worked,2014-07,2014-07-31,M,1616171.380243,2014-08-26,2026-10-01
hours_worked,2014-08,2014-08-31,M,1616703.536277,2014-09-26,2026-10-01
hours_worked,2014-09,2014-09-30,M,1612162.583164,2014-10-26,2026-10-01
hours_worked,2014-10,2014-10-31,M,1612623.369621,2014-11-26,2026-10-01
hours_worked,2014-11,2014-11-30,M,1613422.744237,2014-12-26,2026-10-01
hours_worked,2014-12,2014-12-31,M,1601951.289517,2015-01-26,2026-10-01
hours_worked,2015-01,2015-01-31,M,1630656.443092,2015-02-26,2026-10-01
hours_worked,2015-02,2015-02-28,M,1629037.571731,2015-03-26,2026-10-01
hours_worked,2015-03,2015-03-31,M,1637523.532195,2015-04-26,2026-10-01
hours_worked,2015-04,2015-04-30,M,1632507.216725,2015-05-26,2026-10-01
hours_worked,2015-05,2015-05-31,M,1638393.781599,2015-06-26,2026-10-01
hours_worked,2015-06,2015-06-30,M,1634469.919138,2015-07-26,2026-10-01
hours_worked,2015-07,2015-07-31,M,1640393.329445,2015-08-26,2026-10-01
hours_worked,2015-08,2015-08-31,M,1638223.757558,2015-09-26,2026-10-01
hours_worked,2015-09,2015-09-30,M,1649251.396095,2015-10-26,2026-10-01
hours_worked,2015-10,2015-10-31,M,1655691.749018,2015-11-26,2026-10-01
hours_worked,2015-11,2015-11-30,M,1654330.450015,2015-12-26,2026-10-01
hours_worked,2015-12,2015-12-31,M,1653000.492913,2016-01-26,2026-10-01
hours_worked,2016-01,2016-01-31,M,1664232.393793,2016-02-26,2026-10-01
hours_worked,2016-02,2016-02-29,M,1665258.809328,2016-03-26,2026-10-01
hours_worked,2016-03,2016-03-31,M,1658340.422944,2016-04-26,2026-10-01
hours_worked,2016-04,2016-04-30,M,1630073.856379,2016-05-26,2026-10-01
hours_worked,2016-05,2016-05-31,M,1664391.771892,2016-06-26,2026-10-01
hours_worked,2016-06,2016-06-30,M,1659305.061682,2016-07-26,2026-10-01
hours_worked,2016-07,2016-07-31,M,1663701.15532,2016-08-26,2026-10-01
hours_worked,2016-08,2016-08-31,M,1664434.369937,2016-09-26,2026-10-01
hours_worked,2016-09,2016-09-30,M,1660587.017982,2016-10-26,2026-10-01
hours_worked,2016-10,2016-10-31,M,1665357.844084,2016-11-26,2026-10-01
hours_worked,2016-11,2016-11-30,M,1668410.437759,2016-12-26,2026-10-01
hours_worked,2016-12,2016-12-31,M,1677291.237956,2017-01-26,2026-10-01
hours_worked,2017-01,2017-01-31,M,1709375.458171,2017-02-26,2026-10-01
hours_worked,2017-02,2017-02-28,M,1664274.272764,2017-03-26,2026-10-01
hours_worked,2017-03,2017-03-31,M,1681892.960781,2017-04-26,2026-10-01
hours_worked,2017-04,2017-04-30,M,1669824.70368,2017-05-26,2026-10-01
hours_worked,2017-05,2017-05-31,M,1716041.205199,2017-06-26,2026-10-01
hours_worked,2017-06,2017-06-30,M,1712433.117535,2017-07-26,2026-10-01
hours_worked,2017-07,2017-07-31,M,1703927.50849,2017-08-26,2026-10-01
hours_worked,2017-08,2017-08-31,M,1707409.918553,2017-09-26,2026-10-01
hours_worked,2017-09,2017-09-30,M,1716888.170468,2017-10-26,2026-10-01
hours_worked,2017-10,2017-10-31,M,1719730.884579,2017-11-26,2026-10-01
hours_worked,2017-11,2017-11-30,M,1732012.693791,2017-12-26,2026-10-01
hours_worked,2017-12,2017-12-31,M,1722695.723107,2018-01-26,2026-10-01
hours_worked,2018-01,2018-01-31,M,1719057.312216,2018-02-26,2026-10-01
hours_worked,2018-02,2018-02-28,M,1724225.781759,2018-03-26,2026-10-01
hours_worked,2018-03,2018-03-31,M,1725531.02597,2018-04-26,2026-10-01
hours_worked,2018-04,2018-04-30,M,1737643.85737,2018-05-26,2026-10-01
hours_worked,2018-05,2018-05-31,M,1731518.999172,2018-06-26,2026-10-01
hours_worked,2018-06,2018-06-30,M,1739768.980199,2018-07-26,2026-10-01
hours_worked,2018-07,2018-07-31,M,1740484.059573,2018-08-26,2026-10-01
hours_worked,2018-08,2018-08-31,M,1742510.308765,2018-09-26,2026-10-01
hours_worked,2018-09,2018-09-30,M,1745046.969628,2018-10-26,2026-10-01
hours_worked,2018-10,2018-10-31,M,1753975.810698,2018-11-26,2026-10-01
hours_worked,2018-11,2018-11-30,M,1752024.838201,2018-12-26,2026-10-01
hours_worked,2018-12,2018-12-31,M,1750042.015444,2019-01-26,2026-10-01
hours_worked,2019-01,2019-01-31,M,1767034.689862,2019-02-26,2026-10-01
hours_worked,2019-02,2019-02-28,M,1769227.492267,2019-03-26,2026-10-01
hours_worked,2019-03,2019-03-31,M,1777777.102366,2019-04-26,2026-10-01
hours_worked,2019-04,2019-04-30,M,1771421.538843,2019-05-26,2026-10-01
hours_worked,2019-05,2019-05-31,M,1763894.846908,2019-06-26,2026-10-01
hours_worked,2019-06,2019-06-30,M,1766081.564792,2019-07-26,2026-10-01
hours_worked,2019-07,2019-07-31,M,1769813.269715,2019-08-26,2026-10-01
hours_worked,2019-08,2019-08-31,M,1774796.648997,2019-09-26,2026-10-01
hours_worked,2019-09,2019-09-30,M,1776009.789093,2019-10-26,2026-10-01
hours_worked,2019-10,2019-10-31,M,1769952.848761,2019-11-26,2026-10-01
hours_worked,2019-11,2019-11-30,M,1775622.068413,2019-12-26,2026-10-01
hours_worked,2019-12,2019-12-31,M,1788481.861287,2020-01-26,2026-10-01
hours_worked,2020-01,2020-01-31,M,1782453.309531,2020-02-26,2026-10-01
hours_worked,2020-02,2020-02-29,M,1772246.595828,2020-03-26,2026-10-01
hours_worked,2020-03,2020-03-31,M,1764849.32657,2020-04-26,2026-10-01
hours_worked,2020-04,2020-04-30,M,1581537.281226,2020-05-26,2026-10-01
hours_worked,2020-05,2020-05-31,M,1598646.257128,2020-06-26,2026-10-01
hours_worked,2020-06,2020-06-30,M,1661909.982957,2020-07-26,2026-10-01
hours_worked,2020-07,2020-07-31,M,1680190.99605,2020-08-26,2026-10-01
hours_worked,2020-08,2020-08-31,M,1684651.055385,2020-09-26,2026-10-01
hours_worked,2020-09,2020-09-30,M,1684144.848034,2020-10-26,2026-10-01
hours_worked,2020-10,2020-10-31,M,1713658.673049,2020-11-26,2026-10-01
hours_worked,2020-11,2020-11-30,M,1749986.556031,2020-12-26,2026-10-01
hours_worked,2020-12,2020-12-31,M,1745950.216716,2021-01-26,2026-10-01
hours_worked,2021-01,2021-01-31,M,1732246.991825,2021-02-26,2026-10-01
hours_worked,2021-02,2021-02-28,M,1751041.030508,2021-03-26,2026-10-01
hours_worked,2021-03,2021-03-31,M,1799274.19476,2021-04-26,2026-10-01
hours_worked,2021-04,2021-04-30,M,1768139.540952,2021-05-26,2026-10-01
hours_worked,2021-05,2021-05-31,M,1802171.312325,2021-06-26,2026-10-01
hours_worked,2021-06,2021-06-30,M,1775155.573599,2021-07-26,2026-10-01
hours_worked,2021-07,2021-07-31,M,1774996.08044,2021-08-26,2026-10-01
hours_worked,2021-08,2021-08-31,M,1703988.940475,2021-09-26,2026-10-01
hours_worked,2021-09,2021-09-30,M,1724660.935805,2021-10-26,2026-10-01
hours_worked,2021-10,2021-10-31,M,1723162.400168,2021-11-26,2026-10-01
hours_worked,2021-11,2021-11-30,M,1792376.60695,2021-12-26,2026-10-01
hours_worked,2021-12,2021-12-31,M,1824299.460702,2022-01-26,2026-10-01
hours_worked,2022-01,2022-01-31,M,1743382.923271,2022-02-26,2026-10-01
hours_worked,2022-02,2022-02-28,M,1815636.884941,2022-03-26,2026-10-01
hours_worked,2022-03,2022-03-31,M,1815058.289525,2022-04-26,2026-10-01
hours_worked,2022-04,2022-04-30,M,1822247.96009,2022-05-26,2026-10-01
hours_worked,2022-05,2022-05-31,M,1847999.420624,2022-06-26,2026-10-01
hours_worked,2022-06,2022-06-30,M,1855437.126074,2022-07-26,2026-10-01
hours_worked,2022-07,2022-07-31,M,1851657.808024,2022-08-26,2026-10-01
hours_worked,2022-08,2022-08-31,M,1873014.014569,2022-09-26,2026-10-01
hours_worked,2022-09,2022-09-30,M,1875573.324478,2022-10-26,2026-10-01
hours_worked,2022-10,2022-10-31,M,1910681.714458,2022-11-26,2026-10-01
hours_worked,2022-11,2022-11-30,M,1904060.719618,2022-12-26,2026-10-01
hours_worked,2022-12,2022-12-31,M,1902083.000587,2023-01-26,2026-10-01
hours_worked,2023-01,2023-01-31,M,1919329.199569,2023-02-26,2026-10-01
hours_worked,2023-02,2023-02-28,M,1921868.038347,2023-03-26,2026-10-01
hours_worked,2023-03,2023-03-31,M,1934789.968371,2023-04-26,2026-10-01
hours_worked,2023-04,2023-04-30,M,1951828.996516,2023-05-26,2026-10-01
hours_worked,2023-05,2023-05-31,M,1940223.77541,2023-06-26,2026-10-01
hours_worked,2023-06,2023-06-30,M,1943472.608123,2023-07-26,2026-10-01
hours_worked,2023-07,2023-07-31,M,1945682.45975,2023-08-26,2026-10-01
hours_worked,2023-08,2023-08-31,M,1932759.56883,2023-09-26,2026-10-01
hours_worked,2023-09,2023-09-30,M,1924718.09246,2023-10-26,2026-10-01
hours_worked,2023-10,2023-10-31,M,1930526.24044,2023-11-26,2026-10-01
hours_worked,2023-11,2023-11-30,M,1923014.05786,2023-12-26,2026-10-01
hours_worked,2023-12,2023-12-31,M,1914709.80905,2024-01-26,2026-10-01
hours_worked,2024-01,2024-01-31,M,1917105.1397,2024-02-26,2026-10-01
hours_worked,2024-02,2024-02-29,M,1929462.63775,2024-03-26,2026-10-01
hours_worked,2024-03,2024-03-31,M,1955483.5846,2024-04-26,2026-10-01
hours_worked,2024-04,2024-04-30,M,1946495.60207,2024-05-26,2026-10-01
hours_worked,2024-05,2024-05-31,M,1941380.94243,2024-06-26,2026-10-01
hours_worked,2024-06,2024-06-30,M,1944869.1307,2024-07-26,2026-10-01
hours_worked,2024-07,2024-07-31,M,1951776.72452,2024-08-26,2026-10-01
hours_worked,2024-08,2024-08-31,M,1963679.73327,2024-09-26,2026-10-01
hours_worked,2024-09,2024-09-30,M,1966077.48189,2024-10-26,2026-10-01
hours_worked,2024-10,2024-10-31,M,1963287.33528,2024-11-26,2026-10-01
hours_worked,2024-11,2024-11-30,M,1976843.91567,2024-12-26,2026-10-01
hours_worked,2024-12,2024-12-31,M,1985451.19851,2025-01-26,2026-10-01
hours_worked,2025-01,2025-01-31,M,1982827.331,2025-02-26,2026-10-01
hours_worked,2025-02,2025-02-28,M,1977033.7726,2025-03-26,2026-10-01
hours_worked,2025-03,2025-03-31,M,1969739.81453,2025-04-26,2026-10-01
hours_worked,2025-04,2025-04-30,M,1968181.46801,2025-05-26,2026-10-01
hours_worked,2025-05,2025-05-31,M,1999501.69449,2025-06-26,2026-10-01
hours_worked,2025-06,2025-06-30,M,1976299.42629,2025-07-26,2026-10-01
hours_worked,2025-07,2025-07-31,M,1993467.99035,2025-08-26,2026-10-01
hours_worked,2025-08,2025-08-31,M,1975715.82591,2025-09-26,2026-10-01
hours_worked,2025-09,2025-09-30,M,1986293.93097,2025-10-26,2026-10-01
hours_worked,2025-10,2025-10-31,M,1989912.90264,2025-11-26,2026-10-01
hours_worked,2025-11,2025-11-30,M,1987869.75753,2025-12-26,2026-10-01
hours_worked,2025-12,2025-12-31,M,1996027.09973,2026-01-26,2026-10-01
hours_worked,2026-01,2026-01-31,M,2005684.64232,2026-02-26,2026-10-01
hours_worked,2026-02,2026-02-28,M,2002495.17446,2026-03-26,2026-10-01
hours_worked,2026-03,2026-03-31,M,2007973.38957,2026-04-26,2026-10-01
hours_worked,2026-04,2026-04-30,M,2025293.72097,2026-05-26,2026-10-01
hours_worked,2026-05,2026-05-31,M,2002358.73474,2026-06-26,2026-10-01
hours_worked,2026-06,2026-06-30,M,2009515.43741,2026-07-26,2026-10-01
hours_worked,2026-07,2026-07-31,M,1995395.27276,2026-08-26,2026-10-01
hours_worked,2026-08,2026-08-31,M,2009106.80803,2026-09-26,2026-10-01
household_spending,2012-07,2012-07-31,M,43705.9,2012-09-09,2026-10-01
household_spending,2012-08,2012-08-31,M,44242.5,2012-10-10,2026-10-01
household_spending,2012-09,2012-09-30,M,44169.2,2012-11-09,2026-10-01
household_spending,2012-10,2012-10-31,M,44138.4,2012-12-10,2026-10-01
household_spending,2012-11,2012-11-30,M,43978.6,2013-01-09,2026-10-01
household_spending,2012-12,2012-12-31,M,44306.7,2013-02-09,2026-10-01
household_spending,2013-01,2013-01-31,M,44650.8,2013-03-12,2026-10-01
household_spending,2013-02,2013-02-28,M,44946.0,2013-04-09,2026-10-01
household_spending,2013-03,2013-03-31,M,44721.1,2013-05-10,2026-10-01
household_spending,2013-04,2013-04-30,M,44761.2,2013-06-09,2026-10-01
household_spending,2013-05,2013-05-31,M,45111.2,2013-07-10,2026-10-01
household_spending,2013-06,2013-06-30,M,44974.7,2013-08-09,2026-10-01
household_spending,2013-07,2013-07-31,M,45301.5,2013-09-09,2026-10-01
household_spending,2013-08,2013-08-31,M,45573.5,2013-10-10,2026-10-01
household_spending,2013-09,2013-09-30,M,45541.3,2013-11-09,2026-10-01
household_spending,2013-10,2013-10-31,M,45286.3,2013-12-10,2026-10-01
household_spending,2013-11,2013-11-30,M,45768.1,2014-01-09,2026-10-01
household_spending,2013-12,2013-12-31,M,46306.1,2014-02-09,2026-10-01
household_spending,2014-01,2014-01-31,M,46405.6,2014-03-12,2026-10-01
household_spending,2014-02,2014-02-28,M,46271.5,2014-04-09,2026-10-01
household_spending,2014-03,2014-03-31,M,46781.8,2014-05-10,2026-10-01
household_spending,2014-04,2014-04-30,M,46795.4,2014-06-09,2026-10-01
household_spending,2014-05,2014-05-31,M,46768.7,2014-07-10,2026-10-01
household_spending,2014-06,2014-06-30,M,46754.5,2014-08-09,2026-10-01
household_spending,2014-07,2014-07-31,M,47339.9,2014-09-09,2026-10-01
household_spending,2014-08,2014-08-31,M,46933.3,2014-10-10,2026-10-01
household_spending,2014-09,2014-09-30,M,47388.5,2014-11-09,2026-10-01
household_spending,2014-10,2014-10-31,M,47590.6,2014-12-10,2026-10-01
household_spending,2014-11,2014-11-30,M,47489.3,2015-01-09,2026-10-01
household_spending,2014-12,2014-12-31,M,47425.6,2015-02-09,2026-10-01
household_spending,2015-01,2015-01-31,M,47384.2,2015-03-12,2026-10-01
household_spending,2015-02,2015-02-28,M,48276.3,2015-04-09,2026-10-01
household_spending,2015-03,2015-03-31,M,48351.2,2015-05-10,2026-10-01
household_spending,2015-04,2015-04-30,M,48319.4,2015-06-09,2026-10-01
household_spending,2015-05,2015-05-31,M,48349.3,2015-07-10,2026-10-01
household_spending,2015-06,2015-06-30,M,48924.2,2015-08-09,2026-10-01
household_spending,2015-07,2015-07-31,M,49180.1,2015-09-09,2026-10-01
household_spending,2015-08,2015-08-31,M,49135.5,2015-10-10,2026-10-01
household_spending,2015-09,2015-09-30,M,49236.0,2015-11-09,2026-10-01
household_spending,2015-10,2015-10-31,M,49707.9,2015-12-10,2026-10-01
household_spending,2015-11,2015-11-30,M,49257.4,2016-01-09,2026-10-01
household_spending,2015-12,2015-12-31,M,49190.6,2016-02-09,2026-10-01
household_spending,2016-01,2016-01-31,M,49388.3,2016-03-11,2026-10-01
household_spending,2016-02,2016-02-29,M,49453.3,2016-04-09,2026-10-01
household_spending,2016-03,2016-03-31,M,49615.1,2016-05-10,2026-10-01
household_spending,2016-04,2016-04-30,M,50285.5,2016-06-09,2026-10-01
household_spending,2016-05,2016-05-31,M,50328.3,2016-07-10,2026-10-01
household_spending,2016-06,2016-06-30,M,50687.7,2016-08-09,2026-10-01
household_spending,2016-07,2016-07-31,M,50367.7,2016-09-09,2026-10-01
household_spending,2016-08,2016-08-31,M,50682.3,2016-10-10,2026-10-01
household_spending,2016-09,2016-09-30,M,50571.5,2016-11-09,2026-10-01
household_spending,2016-10,2016-10-31,M,50876.2,2016-12-10,2026-10-01
household_spending,2016-11,2016-11-30,M,50867.7,2017-01-09,2026-10-01
household_spending,2016-12,2016-12-31,M,51418.6,2017-02-09,2026-10-01
household_spending,2017-01,2017-01-31,M,51565.5,2017-03-12,2026-10-01
household_spending,2017-02,2017-02-28,M,51487.6,2017-04-09,2026-10-01
household_spending,2017-03,2017-03-31,M,51442.7,2017-05-10,2026-10-01
household_spending,2017-04,2017-04-30,M,51713.0,2017-06-09,2026-10-01
household_spending,2017-05,2017-05-31,M,52035.6,2017-07-10,2026-10-01
household_spending,2017-06,2017-06-30,M,52132.6,2017-08-09,2026-10-01
household_spending,2017-07,2017-07-31,M,52008.8,2017-09-09,2026-10-01
household_spending,2017-08,2017-08-31,M,51892.3,2017-10-10,2026-10-01
household_spending,2017-09,2017-09-30,M,52285.4,2017-11-09,2026-10-01
household_spending,2017-10,2017-10-31,M,52628.1,2017-12-10,2026-10-01
household_spending,2017-11,2017-11-30,M,53416.1,2018-01-09,2026-10-01
household_spending,2017-12,2017-12-31,M,53583.4,2018-02-09,2026-10-01
household_spending,2018-01,2018-01-31,M,53205.3,2018-03-12,2026-10-01
household_spending,2018-02,2018-02-28,M,54148.7,2018-04-09,2026-10-01
household_spending,2018-03,2018-03-31,M,53613.0,2018-05-10,2026-10-01
household_spending,2018-04,2018-04-30,M,54160.2,2018-06-09,2026-10-01
household_spending,2018-05,2018-05-31,M,54863.3,2018-07-10,2026-10-01
household_spending,2018-06,2018-06-30,M,55498.7,2018-08-09,2026-10-01
household_spending,2018-07,2018-07-31,M,54917.1,2018-09-09,2026-10-01
household_spending,2018-08,2018-08-31,M,55203.6,2018-10-10,2026-10-01
household_spending,2018-09,2018-09-30,M,55264.5,2018-11-09,2026-10-01
household_spending,2018-10,2018-10-31,M,55570.3,2018-12-10,2026-10-01
household_spending,2018-11,2018-11-30,M,55940.8,2019-01-09,2026-10-01
household_spending,2018-12,2018-12-31,M,55865.8,2019-02-09,2026-10-01
household_spending,2019-01,2019-01-31,M,55753.5,2019-03-12,2026-10-01
household_spending,2019-02,2019-02-28,M,55247.5,2019-04-09,2026-10-01
household_spending,2019-03,2019-03-31,M,55628.4,2019-05-10,2026-10-01
household_spending,2019-04,2019-04-30,M,54714.7,2019-06-09,2026-10-01
household_spending,2019-05,2019-05-31,M,55034.4,2019-07-10,2026-10-01
household_spending,2019-06,2019-06-30,M,54819.7,2019-08-09,2026-10-01
household_spending,2019-07,2019-07-31,M,55022.1,2019-09-09,2026-10-01
household_spending,2019-08,2019-08-31,M,55190.1,2019-10-10,2026-10-01
household_spending,2019-09,2019-09-30,M,54883.1,2019-11-09,2026-10-01
household_spending,2019-10,2019-10-31,M,55047.7,2019-12-10,2026-10-01
household_spending,2019-11,2019-11-30,M,54602.1,2020-01-09,2026-10-01
household_spending,2019-12,2019-12-31,M,55318.0,2020-02-09,2026-10-01
household_spending,2020-01,2020-01-31,M,55411.0,2020-03-11,2026-10-01
household_spending,2020-02,2020-02-29,M,53896.4,2020-04-09,2026-10-01
household_spending,2020-03,2020-03-31,M,52290.3,2020-05-10,2026-10-01
household_spending,2020-04,2020-04-30,M,41838.8,2020-06-09,2026-10-01
household_spending,2020-05,2020-05-31,M,49179.5,2020-07-10,2026-10-01
household_spending,2020-06,2020-06-30,M,52513.9,2020-08-09,2026-10-01
household_spending,2020-07,2020-07-31,M,54932.4,2020-09-09,2026-10-01
household_spending,2020-08,2020-08-31,M,51773.3,2020-10-10,2026-10-01
household_spending,2020-09,2020-09-30,M,51725.9,2020-11-09,2026-10-01
household_spending,2020-10,2020-10-31,M,52745.2,2020-12-10,2026-10-01
household_spending,2020-11,2020-11-30,M,54493.4,2021-01-09,2026-10-01
household_spending,2020-12,2020-12-31,M,54897.4,2021-02-09,2026-10-01
household_spending,2021-01,2021-01-31,M,54350.2,2021-03-12,2026-10-01
household_spending,2021-02,2021-02-28,M,53691.4,2021-04-09,2026-10-01
household_spending,2021-03,2021-03-31,M,54943.1,2021-05-10,2026-10-01
household_spending,2021-04,2021-04-30,M,55439.8,2021-06-09,2026-10-01
household_spending,2021-05,2021-05-31,M,55552.3,2021-07-10,2026-10-01
household_spending,2021-06,2021-06-30,M,54497.6,2021-08-09,2026-10-01
household_spending,2021-07,2021-07-31,M,52812.2,2021-09-09,2026-10-01
household_spending,2021-08,2021-08-31,M,51555.2,2021-10-10,2026-10-01
household_spending,2021-09,2021-09-30,M,53029.5,2021-11-09,2026-10-01
household_spending,2021-10,2021-10-31,M,56252.2,2021-12-10,2026-10-01
household_spending,2021-11,2021-11-30,M,58906.7,2022-01-09,2026-10-01
household_spending,2021-12,2021-12-31,M,59503.7,2022-02-09,2026-10-01
household_spending,2022-01,2022-01-31,M,59274.7,2022-03-12,2026-10-01
household_spending,2022-02,2022-02-28,M,61870.0,2022-04-09,2026-10-01
household_spending,2022-03,2022-03-31,M,63041.2,2022-05-10,2026-10-01
household_spending,2022-04,2022-04-30,M,64563.1,2022-06-09,2026-10-01
household_spending,2022-05,2022-05-31,M,65392.5,2022-07-10,2026-10-01
household_spending,2022-06,2022-06-30,M,66104.3,2022-08-09,2026-10-01
household_spending,2022-07,2022-07-31,M,67409.9,2022-09-09,2026-10-01
household_spending,2022-08,2022-08-31,M,67652.7,2022-10-10,2026-10-01
household_spending,2022-09,2022-09-30,M,68539.3,2022-11-09,2026-10-01
household_spending,2022-10,2022-10-31,M,69651.8,2022-12-10,2026-10-01
household_spending,2022-11,2022-11-30,M,69251.8,2023-01-09,2026-10-01
household_spending,2022-12,2022-12-31,M,69421.5,2023-02-09,2026-10-01
household_spending,2023-01,2023-01-31,M,70441.0,2023-03-12,2026-10-01
household_spending,2023-02,2023-02-28,M,70573.7,2023-04-09,2026-10-01
household_spending,2023-03,2023-03-31,M,70369.3,2023-05-10,2026-10-01
household_spending,2023-04,2023-04-30,M,71185.5,2023-06-09,2026-10-01
household_spending,2023-05,2023-05-31,M,71185.8,2023-07-10,2026-10-01
household_spending,2023-06,2023-06-30,M,71133.9,2023-08-09,2026-10-01
household_spending,2023-07,2023-07-31,M,71280.5,2023-09-09,2026-10-01
household_spending,2023-08,2023-08-31,M,71839.8,2023-10-10,2026-10-01
household_spending,2023-09,2023-09-30,M,72906.8,2023-11-09,2026-10-01
household_spending,2023-10,2023-10-31,M,72094.9,2023-12-10,2026-10-01
household_spending,2023-11,2023-11-30,M,72542.5,2024-01-09,2026-10-01
household_spending,2023-12,2023-12-31,M,72070.1,2024-02-09,2026-10-01
household_spending,2024-01,2024-01-31,M,73342.0,2024-03-11,2026-10-01
household_spending,2024-02,2024-02-29,M,73047.2,2024-04-09,2026-10-01
household_spending,2024-03,2024-03-31,M,72681.4,2024-05-10,2026-10-01
household_spending,2024-04,2024-04-30,M,73100.1,2024-06-09,2026-10-01
household_spending,2024-05,2024-05-31,M,73178.0,2024-07-10,2026-10-01
household_spending,2024-06,2024-06-30,M,73213.7,2024-08-09,2026-10-01
household_spending,2024-07,2024-07-31,M,72999.1,2024-09-09,2026-10-01
household_spending,2024-08,2024-08-31,M,73626.7,2024-10-10,2026-10-01
household_spending,2024-09,2024-09-30,M,73512.0,2024-11-09,2026-10-01
household_spending,2024-10,2024-10-31,M,74233.5,2024-12-10,2026-10-01
household_spending,2024-11,2024-11-30,M,74655.2,2025-01-09,2026-10-01
household_spending,2024-12,2024-12-31,M,74992.3,2025-02-09,2026-10-01
household_spending,2025-01,2025-01-31,M,75444.7,2025-03-12,2026-10-01
household_spending,2025-02,2025-02-28,M,75623.5,2025-04-09,2026-10-01
household_spending,2025-03,2025-03-31,M,75731.5,2025-05-10,2026-10-01
household_spending,2025-04,2025-04-30,M,75826.1,2025-06-09,2026-10-01
household_spending,2025-05,2025-05-31,M,76531.5,2025-07-10,2026-10-01
household_spending,2025-06,2025-06-30,M,76788.8,2025-08-09,2026-10-01
household_spending,2025-07,2025-07-31,M,76915.1,2025-09-09,2026-10-01
household_spending,2025-08,2025-08-31,M,77068.6,2025-10-10,2026-10-01
household_spending,2025-09,2025-09-30,M,77264.2,2025-11-09,2026-10-01
household_spending,2025-10,2025-10-31,M,78250.9,2025-12-10,2026-10-01
household_spending,2025-11,2025-11-30,M,79053.2,2026-01-09,2026-10-01
household_spending,2025-12,2025-12-31,M,78697.5,2026-02-09,2026-10-01
household_spending,2026-01,2026-01-31,M,78914.2,2026-03-12,2026-10-01
household_spending,2026-02,2026-02-28,M,79158.4,2026-04-09,2026-10-01
household_spending,2026-03,2026-03-31,M,80515.7,2026-05-10,2026-10-01
household_spending,2026-04,2026-04-30,M,79699.0,2026-06-09,2026-10-01
household_spending,2026-05,2026-05-31,M,80686.5,2026-07-10,2026-10-01
household_spending,2026-06,2026-06-30,M,81442.4,2026-08-09,2026-10-01
household_spending,2026-07,2026-07-31,M,82315.6,2026-09-09,2026-10-01
household_spending,2026-08,2026-08-31,M,82340.5,2026-10-10,2026-10-01
unemployment_rate,1978-02,1978-02-28,M,6.6445476,1978-03-26,2026-10-01
unemployment_rate,1978-03,1978-03-31,M,6.3027929,1978-04-26,2026-10-01
unemployment_rate,1978-04,1978-04-30,M,6.2673341,1978-05-26,2026-10-01
unemployment_rate,1978-05,1978-05-31,M,6.2094368,1978-06-26,2026-10-01
unemployment_rate,1978-06,1978-06-30,M,6.3037779,1978-07-26,2026-10-01
unemployment_rate,1978-07,1978-07-31,M,6.2220319,1978-08-26,2026-10-01
unemployment_rate,1978-08,1978-08-31,M,6.4900928,1978-09-26,2026-10-01
unemployment_rate,1978-09,1978-09-30,M,6.2565949,1978-10-26,2026-10-01
unemployment_rate,1978-10,1978-10-31,M,6.163136,1978-11-26,2026-10-01
unemployment_rate,1978-11,1978-11-30,M,6.3311166,1978-12-26,2026-10-01
unemployment_rate,1978-12,1978-12-31,M,6.4057412,1979-01-26,2026-10-01
unemployment_rate,1979-01,1979-01-31,M,6.3721998,1979-02-26,2026-10-01
unemployment_rate,1979-02,1979-02-28,M,6.2569962,1979-03-26,2026-10-01
unemployment_rate,1979-03,1979-03-31,M,6.3030908,1979-04-26,2026-10-01
unemployment_rate,1979-04,1979-04-30,M,6.4982245,1979-05-26,2026-10-01
unemployment_rate,1979-05,1979-05-31,M,6.2036693,1979-06-26,2026-10-01
unemployment_rate,1979-06,1979-06-30,M,6.2514837,1979-07-26,2026-10-01
unemployment_rate,1979-07,1979-07-31,M,6.2723442,1979-08-26,2026-10-01
unemployment_rate,1979-08,1979-08-31,M,6.1179971,1979-09-26,2026-10-01
unemployment_rate,1979-09,1979-09-30,M,6.2315825,1979-10-26,2026-10-01
unemployment_rate,1979-10,1979-10-31,M,6.3835485,1979-11-26,2026-10-01
unemployment_rate,1979-11,1979-11-30,M,6.0448684,1979-12-26,2026-10-01
unemployment_rate,1979-12,1979-12-31,M,6.120384,1980-01-26,2026-10-01
unemployment_rate,1980-01,1980-01-31,M,6.1471997,1980-02-26,2026-10-01
unemployment_rate,1980-02,1980-02-29,M,5.9984711,1980-03-26,2026-10-01
unemployment_rate,1980-03,1980-03-31,M,5.9365635,1980-04-26,2026-10-01
unemployment_rate,1980-04,1980-04-30,M,6.1145116,1980-05-26,2026-10-01
unemployment_rate,1980-05,1980-05-31,M,6.2458265,1980-06-26,2026-10-01
unemployment_rate,1980-06,1980-06-30,M,6.3231088,1980-07-26,2026-10-01
unemployment_rate,1980-07,1980-07-31,M,6.075107,1980-08-26,2026-10-01
unemployment_rate,1980-08,1980-08-31,M,6.176958,1980-09-26,2026-10-01
unemployment_rate,1980-09,1980-09-30,M,6.1402862,1980-10-26,2026-10-01
unemployment_rate,1980-10,1980-10-31,M,6.054927,1980-11-26,2026-10-01
unemployment_rate,1980-11,1980-11-30,M,5.8502391,1980-12-26,2026-10-01
unemployment_rate,1980-12,1980-12-31,M,6.0512482,1981-01-26,2026-10-01
unemployment_rate,1981-01,1981-01-31,M,5.9158971,1981-02-26,2026-10-01
unemployment_rate,1981-02,1981-02-28,M,5.6162794,1981-03-26,2026-10-01
unemployment_rate,1981-03,1981-03-31,M,5.7459247,1981-04-26,2026-10-01
unemployment_rate,1981-04,1981-04-30,M,5.5546552,1981-05-26,2026-10-01
unemployment_rate,1981-05,1981-05-31,M,5.5886458,1981-06-26,2026-10-01
unemployment_rate,1981-06,1981-06-30,M,5.3741994,1981-07-26,2026-10-01
unemployment_rate,1981-07,1981-07-31,M,5.8254015,1981-08-26,2026-10-01
unemployment_rate,1981-08,1981-08-31,M,5.8459966,1981-09-26,2026-10-01
unemployment_rate,1981-09,1981-09-30,M,5.8113959,1981-10-26,2026-10-01
unemployment_rate,1981-10,1981-10-31,M,5.8722408,1981-11-26,2026-10-01
unemployment_rate,1981-11,1981-11-30,M,5.9950357,1981-12-26,2026-10-01
unemployment_rate,1981-12,1981-12-31,M,6.0270685,1982-01-26,2026-10-01
unemployment_rate,1982-01,1982-01-31,M,5.981328,1982-02-26,2026-10-01
unemployment_rate,1982-02,1982-02-28,M,6.308119,1982-03-26,2026-10-01
unemployment_rate,1982-03,1982-03-31,M,6.3227122,1982-04-26,2026-10-01
unemployment_rate,1982-04,1982-04-30,M,6.3330132,1982-05-26,2026-10-01
unemployment_rate,1982-05,1982-05-31,M,6.5925308,1982-06-26,2026-10-01
unemployment_rate,1982-06,1982-06-30,M,6.7668197,1982-07-26,2026-10-01
unemployment_rate,1982-07,1982-07-31,M,6.8807787,1982-08-26,2026-10-01
unemployment_rate,1982-08,1982-08-31,M,7.0112467,1982-09-26,2026-10-01
unemployment_rate,1982-09,1982-09-30,M,7.4286775,1982-10-26,2026-10-01
unemployment_rate,1982-10,1982-10-31,M,8.2946113,1982-11-26,2026-10-01
unemployment_rate,1982-11,1982-11-30,M,8.6793485,1982-12-26,2026-10-01
unemployment_rate,1982-12,1982-12-31,M,9.4020038,1983-01-26,2026-10-01
unemployment_rate,1983-01,1983-01-31,M,9.2973811,1983-02-26,2026-10-01
unemployment_rate,1983-02,1983-02-28,M,9.6582803,1983-03-26,2026-10-01
unemployment_rate,1983-03,1983-03-31,M,9.9510394,1983-04-26,2026-10-01
unemployment_rate,1983-04,1983-04-30,M,10.1517474,1983-05-26,2026-10-01
unemployment_rate,1983-05,1983-05-31,M,10.3227254,1983-06-26,2026-10-01
unemployment_rate,1983-06,1983-06-30,M,10.2038464,1983-07-26,2026-10-01
unemployment_rate,1983-07,1983-07-31,M,10.5152626,1983-08-26,2026-10-01
unemployment_rate,1983-08,1983-08-31,M,10.2187202,1983-09-26,2026-10-01
unemployment_rate,1983-09,1983-09-30,M,10.3371097,1983-10-26,2026-10-01
unemployment_rate,1983-10,1983-10-31,M,10.0075893,1983-11-26,2026-10-01
unemployment_rate,1983-11,1983-11-30,M,9.6540259,1983-12-26,2026-10-01
unemployment_rate,1983-12,1983-12-31,M,9.4572236,1984-01-26,2026-10-01
unemployment_rate,1984-01,1984-01-31,M,9.4946864,1984-02-26,2026-10-01
unemployment_rate,1984-02,1984-02-29,M,9.3852827,1984-03-26,2026-10-01
unemployment_rate,1984-03,1984-03-31,M,9.2075348,1984-04-26,2026-10-01
unemployment_rate,1984-04,1984-04-30,M,9.369832,1984-05-26,2026-10-01
unemployment_rate,1984-05,1984-05-31,M,8.9361887,1984-06-26,2026-10-01
unemployment_rate,1984-06,1984-06-30,M,9.095939,1984-07-26,2026-10-01
unemployment_rate,1984-07,1984-07-31,M,8.9140212,1984-08-26,2026-10-01
unemployment_rate,1984-08,1984-08-31,M,8.8281848,1984-09-26,2026-10-01
unemployment_rate,1984-09,1984-09-30,M,8.7341526,1984-10-26,2026-10-01
unemployment_rate,1984-10,1984-10-31,M,8.6949087,1984-11-26,2026-10-01
unemployment_rate,1984-11,1984-11-30,M,8.6788811,1984-12-26,2026-10-01
unemployment_rate,1984-12,1984-12-31,M,8.5192436,1985-01-26,2026-10-01
unemployment_rate,1985-01,1985-01-31,M,8.5522056,1985-02-26,2026-10-01
unemployment_rate,1985-02,1985-02-28,M,8.3889364,1985-03-26,2026-10-01
unemployment_rate,1985-03,1985-03-31,M,8.6643513,1985-04-26,2026-10-01
unemployment_rate,1985-04,1985-04-30,M,8.4013117,1985-05-26,2026-10-01
unemployment_rate,1985-05,1985-05-31,M,8.3754268,1985-06-26,2026-10-01
unemployment_rate,1985-06,1985-06-30,M,8.571155,1985-07-26,2026-10-01
unemployment_rate,1985-07,1985-07-31,M,8.3036562,1985-08-26,2026-10-01
unemployment_rate,1985-08,1985-08-31,M,8.1551146,1985-09-26,2026-10-01
unemployment_rate,1985-09,1985-09-30,M,8.0567662,1985-10-26,2026-10-01
unemployment_rate,1985-10,1985-10-31,M,7.848112,1985-11-26,2026-10-01
unemployment_rate,1985-11,1985-11-30,M,7.949979,1985-12-26,2026-10-01
unemployment_rate,1985-12,1985-12-31,M,7.7841454,1986-01-26,2026-10-01
unemployment_rate,1986-01,1986-01-31,M,7.8061588,1986-02-26,2026-10-01
unemployment_rate,1986-02,1986-02-28,M,8.0022727,1986-03-26,2026-10-01
unemployment_rate,1986-03,1986-03-31,M,7.9251958,1986-04-26,2026-10-01
unemployment_rate,1986-04,1986-04-30,M,7.900099,1986-05-26,2026-10-01
unemployment_rate,1986-05,1986-05-31,M,7.8460846,1986-06-26,2026-10-01
unemployment_rate,1986-06,1986-06-30,M,7.6530685,1986-07-26,2026-10-01
unemployment_rate,1986-07,1986-07-31,M,8.1089229,1986-08-26,2026-10-01
unemployment_rate,1986-08,1986-08-31,M,8.2387834,1986-09-26,2026-10-01
unemployment_rate,1986-09,1986-09-30,M,8.3375323,1986-10-26,2026-10-01
unemployment_rate,1986-10,1986-10-31,M,8.3091923,1986-11-26,2026-10-01
unemployment_rate,1986-11,1986-11-30,M,8.3185666,1986-12-26,2026-10-01
unemployment_rate,1986-12,1986-12-31,M,8.3626593,1987-01-26,2026-10-01
unemployment_rate,1987-01,1987-01-31,M,8.1867621,1987-02-26,2026-10-01
unemployment_rate,1987-02,1987-02-28,M,8.2102628,1987-03-26,2026-10-01
unemployment_rate,1987-03,1987-03-31,M,8.4328566,1987-04-26,2026-10-01
unemployment_rate,1987-04,1987-04-30,M,8.2995115,1987-05-26,2026-10-01
unemployment_rate,1987-05,1987-05-31,M,8.2013019,1987-06-26,2026-10-01
unemployment_rate,1987-06,1987-06-30,M,8.0080734,1987-07-26,2026-10-01
unemployment_rate,1987-07,1987-07-31,M,8.075897,1987-08-26,2026-10-01
unemployment_rate,1987-08,1987-08-31,M,8.104873,1987-09-26,2026-10-01
unemployment_rate,1987-09,1987-09-30,M,7.7547017,1987-10-26,2026-10-01
unemployment_rate,1987-10,1987-10-31,M,8.0850615,1987-11-26,2026-10-01
unemployment_rate,1987-11,1987-11-30,M,7.9307801,1987-12-26,2026-10-01
unemployment_rate,1987-12,1987-12-31,M,7.727391,1988-01-26,2026-10-01
unemployment_rate,1988-01,1988-01-31,M,7.6305006,1988-02-26,2026-10-01
unemployment_rate,1988-02,1988-02-29,M,7.4161937,1988-03-26,2026-10-01
unemployment_rate,1988-03,1988-03-31,M,7.5008198,1988-04-26,2026-10-01
unemployment_rate,1988-04,1988-04-30,M,7.912099,1988-05-26,2026-10-01
unemployment_rate,1988-05,1988-05-31,M,7.4506418,1988-06-26,2026-10-01
unemployment_rate,1988-06,1988-06-30,M,7.5765163,1988-07-26,2026-10-01
unemployment_rate,1988-07,1988-07-31,M,6.7573368,1988-08-26,2026-10-01
unemployment_rate,1988-08,1988-08-31,M,7.0681952,1988-09-26,2026-10-01
unemployment_rate,1988-09,1988-09-30,M,6.9337936,1988-10-26,2026-10-01
unemployment_rate,1988-10,1988-10-31,M,6.8171734,1988-11-26,2026-10-01
unemployment_rate,1988-11,1988-11-30,M,6.6123722,1988-12-26,2026-10-01
unemployment_rate,1988-12,1988-12-31,M,6.8319119,1989-01-26,2026-10-01
unemployment_rate,1989-01,1989-01-31,M,6.8054279,1989-02-26,2026-10-01
unemployment_rate,1989-02,1989-02-28,M,6.637076,1989-03-26,2026-10-01
unemployment_rate,1989-03,1989-03-31,M,6.3439587,1989-04-26,2026-10-01
unemployment_rate,1989-04,1989-04-30,M,6.199557,1989-05-26,2026-10-01
unemployment_rate,1989-05,1989-05-31,M,6.2791482,1989-06-26,2026-10-01
unemployment_rate,1989-06,1989-06-30,M,6.0111972,1989-07-26,2026-10-01
unemployment_rate,1989-07,1989-07-31,M,6.0436471,1989-08-26,2026-10-01
unemployment_rate,1989-08,1989-08-31,M,5.9437405,1989-09-26,2026-10-01
unemployment_rate,1989-09,1989-09-30,M,6.0303653,1989-10-26,2026-10-01
unemployment_rate,1989-10,1989-10-31,M,5.9235051,1989-11-26,2026-10-01
unemployment_rate,1989-11,1989-11-30,M,5.786368,1989-12-26,2026-10-01
unemployment_rate,1989-12,1989-12-31,M,5.8476209,1990-01-26,2026-10-01
unemployment_rate,1990-01,1990-01-31,M,6.1102883,1990-02-26,2026-10-01
unemployment_rate,1990-02,1990-02-28,M,6.3911165,1990-03-26,2026-10-01
unemployment_rate,1990-03,1990-03-31,M,6.1878778,1990-04-26,2026-10-01
unemployment_rate,1990-04,1990-04-30,M,6.2786825,1990-05-26,2026-10-01
unemployment_rate,1990-05,1990-05-31,M,6.5038866,1990-06-26,2026-10-01
unemployment_rate,1990-06,1990-06-30,M,6.6079668,1990-07-26,2026-10-01
unemployment_rate,1990-07,1990-07-31,M,7.0931467,1990-08-26,2026-10-01
unemployment_rate,1990-08,1990-08-31,M,7.2114683,1990-09-26,2026-10-01
unemployment_rate,1990-09,1990-09-30,M,7.3735486,1990-10-26,2026-10-01
unemployment_rate,1990-10,1990-10-31,M,7.6367067,1990-11-26,2026-10-01
unemployment_rate,1990-11,1990-11-30,M,7.9456878,1990-12-26,2026-10-01
unemployment_rate,1990-12,1990-12-31,M,8.0187312,1991-01-26,2026-10-01
unemployment_rate,1991-01,1991-01-31,M,8.3999536,1991-02-26,2026-10-01
unemployment_rate,1991-02,1991-02-28,M,8.6163905,1991-03-26,2026-10-01
unemployment_rate,1991-03,1991-03-31,M,9.1852915,1991-04-26,2026-10-01
unemployment_rate,1991-04,1991-04-30,M,9.8603419,1991-05-26,2026-10-01
unemployment_rate,1991-05,1991-05-31,M,9.5022254,1991-06-26,2026-10-01
unemployment_rate,1991-06,1991-06-30,M,9.5470498,1991-07-26,2026-10-01
unemployment_rate,1991-07,1991-07-31,M,9.6850199,1991-08-26,2026-10-01
unemployment_rate,1991-08,1991-08-31,M,9.7865651,1991-09-26,2026-10-01
unemployment_rate,1991-09,1991-09-30,M,10.0319604,1991-10-26,2026-10-01
unemployment_rate,1991-10,1991-10-31,M,9.9870534,1991-11-26,2026-10-01
unemployment_rate,1991-11,1991-11-30,M,10.1979216,1991-12-26,2026-10-01
unemployment_rate,1991-12,1991-12-31,M,10.4734683,1992-01-26,2026-10-01
unemployment_rate,1992-01,1992-01-31,M,10.3495816,1992-02-26,2026-10-01
unemployment_rate,1992-02,1992-02-29,M,10.4049336,1992-03-26,2026-10-01
unemployment_rate,1992-03,1992-03-31,M,10.4981078,1992-04-26,2026-10-01
unemployment_rate,1992-04,1992-04-30,M,10.4705,1992-05-26,2026-10-01
unemployment_rate,1992-05,1992-05-31,M,10.618885,1992-06-26,2026-10-01
unemployment_rate,1992-06,1992-06-30,M,10.8102878,1992-07-26,2026-10-01
unemployment_rate,1992-07,1992-07-31,M,11.1332585,1992-08-26,2026-10-01
unemployment_rate,1992-08,1992-08-31,M,10.7230792,1992-09-26,2026-10-01
unemployment_rate,1992-09,1992-09-30,M,10.6159335,1992-10-26,2026-10-01
unemployment_rate,1992-10,1992-10-31,M,11.0910912,1992-11-26,2026-10-01
unemployment_rate,1992-11,1992-11-30,M,11.13643,1992-12-26,2026-10-01
unemployment_rate,1992-12,1992-12-31,M,11.217353,1993-01-26,2026-10-01
unemployment_rate,1993-01,1993-01-31,M,10.8341256,1993-02-26,2026-10-01
unemployment_rate,1993-02,1993-02-28,M,11.0144927,1993-03-26,2026-10-01
unemployment_rate,1993-03,1993-03-31,M,10.8588122,1993-04-26,2026-10-01
unemployment_rate,1993-04,1993-04-30,M,10.7653413,1993-05-26,2026-10-01
unemployment_rate,1993-05,1993-05-31,M,10.7863634,1993-06-26,2026-10-01
unemployment_rate,1993-06,1993-06-30,M,10.9923334,1993-07-26,2026-10-01
unemployment_rate,1993-07,1993-07-31,M,10.9417249,1993-08-26,2026-10-01
unemployment_rate,1993-08,1993-08-31,M,10.9840942,1993-09-26,2026-10-01
unemployment_rate,1993-09,1993-09-30,M,10.7408015,1993-10-26,2026-10-01
unemployment_rate,1993-10,1993-10-31,M,10.9573351,1993-11-26,2026-10-01
unemployment_rate,1993-11,1993-11-30,M,10.9491592,1993-12-26,2026-10-01
unemployment_rate,1993-12,1993-12-31,M,10.7565213,1994-01-26,2026-10-01
unemployment_rate,1994-01,1994-01-31,M,10.5675922,1994-02-26,2026-10-01
unemployment_rate,1994-02,1994-02-28,M,10.3991038,1994-03-26,2026-10-01
unemployment_rate,1994-03,1994-03-31,M,10.3537697,1994-04-26,2026-10-01
unemployment_rate,1994-04,1994-04-30,M,10.0619745,1994-05-26,2026-10-01
unemployment_rate,1994-05,1994-05-31,M,9.766596,1994-06-26,2026-10-01
unemployment_rate,1994-06,1994-06-30,M,9.8192835,1994-07-26,2026-10-01
unemployment_rate,1994-07,1994-07-31,M,9.6302204,1994-08-26,2026-10-01
unemployment_rate,1994-08,1994-08-31,M,9.4449606,1994-09-26,2026-10-01
unemployment_rate,1994-09,1994-09-30,M,9.3535634,1994-10-26,2026-10-01
unemployment_rate,1994-10,1994-10-31,M,9.0924321,1994-11-26,2026-10-01
unemployment_rate,1994-11,1994-11-30,M,9.1428401,1994-12-26,2026-10-01
unemployment_rate,1994-12,1994-12-31,M,8.9352377,1995-01-26,2026-10-01
unemployment_rate,1995-01,1995-01-31,M,8.8548332,1995-02-26,2026-10-01
unemployment_rate,1995-02,1995-02-28,M,8.8233691,1995-03-26,2026-10-01
unemployment_rate,1995-03,1995-03-31,M,8.6169511,1995-04-26,2026-10-01
unemployment_rate,1995-04,1995-04-30,M,8.2666014,1995-05-26,2026-10-01
unemployment_rate,1995-05,1995-05-31,M,8.4741662,1995-06-26,2026-10-01
unemployment_rate,1995-06,1995-06-30,M,8.3531071,1995-07-26,2026-10-01
unemployment_rate,1995-07,1995-07-31,M,8.4259077,1995-08-26,2026-10-01
unemployment_rate,1995-08,1995-08-31,M,8.3201004,1995-09-26,2026-10-01
unemployment_rate,1995-09,1995-09-30,M,8.362196,1995-10-26,2026-10-01
unemployment_rate,1995-10,1995-10-31,M,8.5749,1995-11-26,2026-10-01
unemployment_rate,1995-11,1995-11-30,M,8.4518052,1995-12-26,2026-10-01
unemployment_rate,1995-12,1995-12-31,M,8.1439924,1996-01-26,2026-10-01
unemployment_rate,1996-01,1996-01-31,M,8.4511524,1996-02-26,2026-10-01
unemployment_rate,1996-02,1996-02-29,M,8.3266804,1996-03-26,2026-10-01
unemployment_rate,1996-03,1996-03-31,M,8.4208551,1996-04-26,2026-10-01
unemployment_rate,1996-04,1996-04-30,M,8.5775354,1996-05-26,2026-10-01
unemployment_rate,1996-05,1996-05-31,M,8.4138743,1996-06-26,2026-10-01
unemployment_rate,1996-06,1996-06-30,M,8.2546093,1996-07-26,2026-10-01
unemployment_rate,1996-07,1996-07-31,M,8.567294,1996-08-26,2026-10-01
unemployment_rate,1996-08,1996-08-31,M,8.7185755,1996-09-26,2026-10-01
unemployment_rate,1996-09,1996-09-30,M,8.5756635,1996-10-26,2026-10-01
unemployment_rate,1996-10,1996-10-31,M,8.7591841,1996-11-26,2026-10-01
unemployment_rate,1996-11,1996-11-30,M,8.4703411,1996-12-26,2026-10-01
unemployment_rate,1996-12,1996-12-31,M,8.6303447,1997-01-26,2026-10-01
unemployment_rate,1997-01,1997-01-31,M,8.5677291,1997-02-26,2026-10-01
unemployment_rate,1997-02,1997-02-28,M,8.7025007,1997-03-26,2026-10-01
unemployment_rate,1997-03,1997-03-31,M,8.591991,1997-04-26,2026-10-01
unemployment_rate,1997-04,1997-04-30,M,8.5677311,1997-05-26,2026-10-01
unemployment_rate,1997-05,1997-05-31,M,8.5470335,1997-06-26,2026-10-01
unemployment_rate,1997-06,1997-06-30,M,8.3311856,1997-07-26,2026-10-01
unemployment_rate,1997-07,1997-07-31,M,8.5889462,1997-08-26,2026-10-01
unemployment_rate,1997-08,1997-08-31,M,8.4649861,1997-09-26,2026-10-01
unemployment_rate,1997-09,1997-09-30,M,8.0672773,1997-10-26,2026-10-01
unemployment_rate,1997-10,1997-10-31,M,8.0329461,1997-11-26,2026-10-01
unemployment_rate,1997-11,1997-11-30,M,7.9866078,1997-12-26,2026-10-01
unemployment_rate,1997-12,1997-12-31,M,7.9101646,1998-01-26,2026-10-01
unemployment_rate,1998-01,1998-01-31,M,7.8656233,1998-02-26,2026-10-01
unemployment_rate,1998-02,1998-02-28,M,7.7722186,1998-03-26,2026-10-01
unemployment_rate,1998-03,1998-03-31,M,7.88316,1998-04-26,2026-10-01
unemployment_rate,1998-04,1998-04-30,M,7.6033055,1998-05-26,2026-10-01
unemployment_rate,1998-05,1998-05-31,M,7.7645313,1998-06-26,2026-10-01
unemployment_rate,1998-06,1998-06-30,M,7.8322895,1998-07-26,2026-10-01
unemployment_rate,1998-07,1998-07-31,M,7.9743753,1998-08-26,2026-10-01
unemployment_rate,1998-08,1998-08-31,M,7.7552257,1998-09-26,2026-10-01
unemployment_rate,1998-09,1998-09-30,M,7.6333117,1998-10-26,2026-10-01
unemployment_rate,1998-10,1998-10-31,M,7.313428,1998-11-26,2026-10-01
unemployment_rate,1998-11,1998-11-30,M,7.6257819,1998-12-26,2026-10-01
unemployment_rate,1998-12,1998-12-31,M,7.1834585,1999-01-26,2026-10-01
unemployment_rate,1999-01,1999-01-31,M,7.1183602,1999-02-26,2026-10-01
unemployment_rate,1999-02,1999-02-28,M,7.1148923,1999-03-26,2026-10-01
unemployment_rate,1999-03,1999-03-31,M,7.0123696,1999-04-26,2026-10-01
unemployment_rate,1999-04,1999-04-30,M,6.9791785,1999-05-26,2026-10-01
unemployment_rate,1999-05,1999-05-31,M,7.0246933,1999-06-26,2026-10-01
unemployment_rate,1999-06,1999-06-30,M,6.6532404,1999-07-26,2026-10-01
unemployment_rate,1999-07,1999-07-31,M,6.6749709,1999-08-26,2026-10-01
unemployment_rate,1999-08,1999-08-31,M,6.9056512,1999-09-26,2026-10-01
unemployment_rate,1999-09,1999-09-30,M,7.0409854,1999-10-26,2026-10-01
unemployment_rate,1999-10,1999-10-31,M,6.7760832,1999-11-26,2026-10-01
unemployment_rate,1999-11,1999-11-30,M,6.4398519,1999-12-26,2026-10-01
unemployment_rate,1999-12,1999-12-31,M,6.6842263,2000-01-26,2026-10-01
unemployment_rate,2000-01,2000-01-31,M,6.7663126,2000-02-26,2026-10-01
unemployment_rate,2000-02,2000-02-29,M,6.6188034,2000-03-26,2026-10-01
unemployment_rate,2000-03,2000-03-31,M,6.5647672,2000-04-26,2026-10-01
unemployment_rate,2000-04,2000-04-30,M,6.376093,2000-05-26,2026-10-01
unemployment_rate,2000-05,2000-05-31,M,6.4142145,2000-06-26,2026-10-01
unemployment_rate,2000-06,2000-06-30,M,6.1148239,2000-07-26,2026-10-01
unemployment_rate,2000-07,2000-07-31,M,5.9538323,2000-08-26,2026-10-01
unemployment_rate,2000-08,2000-08-31,M,6.0511574,2000-09-26,2026-10-01
unemployment_rate,2000-09,2000-09-30,M,5.9628185,2000-10-26,2026-10-01
unemployment_rate,2000-10,2000-10-31,M,6.0094717,2000-11-26,2026-10-01
unemployment_rate,2000-11,2000-11-30,M,6.2615368,2000-12-26,2026-10-01
unemployment_rate,2000-12,2000-12-31,M,6.2436374,2001-01-26,2026-10-01
unemployment_rate,2001-01,2001-01-31,M,6.137186,2001-02-26,2026-10-01
unemployment_rate,2001-02,2001-02-28,M,6.5015271,2001-03-26,2026-10-01
unemployment_rate,2001-03,2001-03-31,M,6.4583749,2001-04-26,2026-10-01
unemployment_rate,2001-04,2001-04-30,M,6.7821474,2001-05-26,2026-10-01
unemployment_rate,2001-05,2001-05-31,M,6.8927914,2001-06-26,2026-10-01
unemployment_rate,2001-06,2001-06-30,M,6.9325403,2001-07-26,2026-10-01
unemployment_rate,2001-07,2001-07-31,M,6.8796302,2001-08-26,2026-10-01
unemployment_rate,2001-08,2001-08-31,M,6.8806243,2001-09-26,2026-10-01
unemployment_rate,2001-09,2001-09-30,M,6.841205,2001-10-26,2026-10-01
unemployment_rate,2001-10,2001-10-31,M,7.193082,2001-11-26,2026-10-01
unemployment_rate,2001-11,2001-11-30,M,6.8825613,2001-12-26,2026-10-01
unemployment_rate,2001-12,2001-12-31,M,6.8610044,2002-01-26,2026-10-01
unemployment_rate,2002-01,2002-01-31,M,6.9151104,2002-02-26,2026-10-01
unemployment_rate,2002-02,2002-02-28,M,6.5360212,2002-03-26,2026-10-01
unemployment_rate,2002-03,2002-03-31,M,6.4299186,2002-04-26,2026-10-01
unemployment_rate,2002-04,2002-04-30,M,6.3454004,2002-05-26,2026-10-01
unemployment_rate,2002-05,2002-05-31,M,6.3723719,2002-06-26,2026-10-01
unemployment_rate,2002-06,2002-06-30,M,6.4954877,2002-07-26,2026-10-01
unemployment_rate,2002-07,2002-07-31,M,6.1795021,2002-08-26,2026-10-01
unemployment_rate,2002-08,2002-08-31,M,6.348523,2002-09-26,2026-10-01
unemployment_rate,2002-09,2002-09-30,M,6.3115805,2002-10-26,2026-10-01
unemployment_rate,2002-10,2002-10-31,M,6.1278805,2002-11-26,2026-10-01
unemployment_rate,2002-11,2002-11-30,M,6.1621887,2002-12-26,2026-10-01
unemployment_rate,2002-12,2002-12-31,M,6.1816731,2003-01-26,2026-10-01
unemployment_rate,2003-01,2003-01-31,M,6.0820035,2003-02-26,2026-10-01
unemployment_rate,2003-02,2003-02-28,M,5.9545822,2003-03-26,2026-10-01
unemployment_rate,2003-03,2003-03-31,M,6.1308558,2003-04-26,2026-10-01
unemployment_rate,2003-04,2003-04-30,M,6.0296088,2003-05-26,2026-10-01
unemployment_rate,2003-05,2003-05-31,M,6.0690022,2003-06-26,2026-10-01
unemployment_rate,2003-06,2003-06-30,M,6.0543545,2003-07-26,2026-10-01
unemployment_rate,2003-07,2003-07-31,M,6.127743,2003-08-26,2026-10-01
unemployment_rate,2003-08,2003-08-31,M,5.817174,2003-09-26,2026-10-01
unemployment_rate,2003-09,2003-09-30,M,5.7749212,2003-10-26,2026-10-01
unemployment_rate,2003-10,2003-10-31,M,5.7831577,2003-11-26,2026-10-01
unemployment_rate,2003-11,2003-11-30,M,5.6613134,2003-12-26,2026-10-01
unemployment_rate,2003-12,2003-12-31,M,5.6808011,2004-01-26,2026-10-01
unemployment_rate,2004-01,2004-01-31,M,5.5311586,2004-02-26,2026-10-01
unemployment_rate,2004-02,2004-02-29,M,5.6426718,2004-03-26,2026-10-01
unemployment_rate,2004-03,2004-03-31,M,5.4370987,2004-04-26,2026-10-01
unemployment_rate,2004-04,2004-04-30,M,5.5072825,2004-05-26,2026-10-01
unemployment_rate,2004-05,2004-05-31,M,5.3367653,2004-06-26,2026-10-01
unemployment_rate,2004-06,2004-06-30,M,5.4629269,2004-07-26,2026-10-01
unemployment_rate,2004-07,2004-07-31,M,5.5503567,2004-08-26,2026-10-01
unemployment_rate,2004-08,2004-08-31,M,5.5162347,2004-09-26,2026-10-01
unemployment_rate,2004-09,2004-09-30,M,5.3700353,2004-10-26,2026-10-01
unemployment_rate,2004-10,2004-10-31,M,5.1224331,2004-11-26,2026-10-01
unemployment_rate,2004-11,2004-11-30,M,5.1608539,2004-12-26,2026-10-01
unemployment_rate,2004-12,2004-12-31,M,5.0679879,2005-01-26,2026-10-01
unemployment_rate,2005-01,2005-01-31,M,5.0730205,2005-02-26,2026-10-01
unemployment_rate,2005-02,2005-02-28,M,5.0839019,2005-03-26,2026-10-01
unemployment_rate,2005-03,2005-03-31,M,5.1624365,2005-04-26,2026-10-01
unemployment_rate,2005-04,2005-04-30,M,5.1221472,2005-05-26,2026-10-01
unemployment_rate,2005-05,2005-05-31,M,5.0995393,2005-06-26,2026-10-01
unemployment_rate,2005-06,2005-06-30,M,4.9496739,2005-07-26,2026-10-01
unemployment_rate,2005-07,2005-07-31,M,4.9718124,2005-08-26,2026-10-01
unemployment_rate,2005-08,2005-08-31,M,4.9004598,2005-09-26,2026-10-01
unemployment_rate,2005-09,2005-09-30,M,5.001609,2005-10-26,2026-10-01
unemployment_rate,2005-10,2005-10-31,M,5.0154636,2005-11-26,2026-10-01
unemployment_rate,2005-11,2005-11-30,M,4.9377336,2005-12-26,2026-10-01
unemployment_rate,2005-12,2005-12-31,M,5.0691919,2006-01-26,2026-10-01
unemployment_rate,2006-01,2006-01-31,M,5.1617654,2006-02-26,2026-10-01
unemployment_rate,2006-02,2006-02-28,M,5.1032613,2006-03-26,2026-10-01
unemployment_rate,2006-03,2006-03-31,M,4.8668692,2006-04-26,2026-10-01
unemployment_rate,2006-04,2006-04-30,M,4.9658685,2006-05-26,2026-10-01
unemployment_rate,2006-05,2006-05-31,M,4.7983765,2006-06-26,2026-10-01
unemployment_rate,2006-06,2006-06-30,M,4.8077841,2006-07-26,2026-10-01
unemployment_rate,2006-07,2006-07-31,M,4.6564163,2006-08-26,2026-10-01
unemployment_rate,2006-08,2006-08-31,M,4.7111583,2006-09-26,2026-10-01
unemployment_rate,2006-09,2006-09-30,M,4.665315,2006-10-26,2026-10-01
unemployment_rate,2006-10,2006-10-31,M,4.4629914,2006-11-26,2026-10-01
unemployment_rate,2006-11,2006-11-30,M,4.5147976,2006-12-26,2026-10-01
unemployment_rate,2006-12,2006-12-31,M,4.567432,2007-01-26,2026-10-01
unemployment_rate,2007-01,2007-01-31,M,4.5532936,2007-02-26,2026-10-01
unemployment_rate,2007-02,2007-02-28,M,4.6343297,2007-03-26,2026-10-01
unemployment_rate,2007-03,2007-03-31,M,4.4596123,2007-04-26,2026-10-01
unemployment_rate,2007-04,2007-04-30,M,4.3863187,2007-05-26,2026-10-01
unemployment_rate,2007-05,2007-05-31,M,4.2647994,2007-06-26,2026-10-01
unemployment_rate,2007-06,2007-06-30,M,4.3238712,2007-07-26,2026-10-01
unemployment_rate,2007-07,2007-07-31,M,4.2528523,2007-08-26,2026-10-01
unemployment_rate,2007-08,2007-08-31,M,4.2975523,2007-09-26,2026-10-01
unemployment_rate,2007-09,2007-09-30,M,4.212652,2007-10-26,2026-10-01
unemployment_rate,2007-10,2007-10-31,M,4.3261818,2007-11-26,2026-10-01
unemployment_rate,2007-11,2007-11-30,M,4.4265391,2007-12-26,2026-10-01
unemployment_rate,2007-12,2007-12-31,M,4.307721,2008-01-26,2026-10-01
unemployment_rate,2008-01,2008-01-31,M,4.2223895,2008-02-26,2026-10-01
unemployment_rate,2008-02,2008-02-29,M,3.979039,2008-03-26,2026-10-01
unemployment_rate,2008-03,2008-03-31,M,4.0571513,2008-04-26,2026-10-01
unemployment_rate,2008-04,2008-04-30,M,4.2659722,2008-05-26,2026-10-01
unemployment_rate,2008-05,2008-05-31,M,4.2667138,2008-06-26,2026-10-01
unemployment_rate,2008-06,2008-06-30,M,4.2433846,2008-07-26,2026-10-01
unemployment_rate,2008-07,2008-07-31,M,4.2497948,2008-08-26,2026-10-01
unemployment_rate,2008-08,2008-08-31,M,4.0135562,2008-09-26,2026-10-01
unemployment_rate,2008-09,2008-09-30,M,4.2884271,2008-10-26,2026-10-01
unemployment_rate,2008-10,2008-10-31,M,4.2902153,2008-11-26,2026-10-01
unemployment_rate,2008-11,2008-11-30,M,4.4626451,2008-12-26,2026-10-01
unemployment_rate,2008-12,2008-12-31,M,4.5693663,2009-01-26,2026-10-01
unemployment_rate,2009-01,2009-01-31,M,4.9081168,2009-02-26,2026-10-01
unemployment_rate,2009-02,2009-02-28,M,5.3026896,2009-03-26,2026-10-01
unemployment_rate,2009-03,2009-03-31,M,5.7115599,2009-04-26,2026-10-01
unemployment_rate,2009-04,2009-04-30,M,5.513991,2009-05-26,2026-10-01
unemployment_rate,2009-05,2009-05-31,M,5.8124473,2009-06-26,2026-10-01
unemployment_rate,2009-06,2009-06-30,M,5.8615303,2009-07-26,2026-10-01
unemployment_rate,2009-07,2009-07-31,M,5.6718528,2009-08-26,2026-10-01
unemployment_rate,2009-08,2009-08-31,M,5.7106057,2009-09-26,2026-10-01
unemployment_rate,2009-09,2009-09-30,M,5.661008,2009-10-26,2026-10-01
unemployment_rate,2009-10,2009-10-31,M,5.6240208,2009-11-26,2026-10-01
unemployment_rate,2009-11,2009-11-30,M,5.5583509,2009-12-26,2026-10-01
unemployment_rate,2009-12,2009-12-31,M,5.4904941,2010-01-26,2026-10-01
unemployment_rate,2010-01,2010-01-31,M,5.2662449,2010-02-26,2026-10-01
unemployment_rate,2010-02,2010-02-28,M,5.2984558,2010-03-26,2026-10-01
unemployment_rate,2010-03,2010-03-31,M,5.4231124,2010-04-26,2026-10-01
unemployment_rate,2010-04,2010-04-30,M,5.4997749,2010-05-26,2026-10-01
unemployment_rate,2010-05,2010-05-31,M,5.2301737,2010-06-26,2026-10-01
unemployment_rate,2010-06,2010-06-30,M,5.1443678,2010-07-26,2026-10-01
unemployment_rate,2010-07,2010-07-31,M,5.2873432,2010-08-26,2026-10-01
unemployment_rate,2010-08,2010-08-31,M,5.0261916,2010-09-26,2026-10-01
unemployment_rate,2010-09,2010-09-30,M,5.0535668,2010-10-26,2026-10-01
unemployment_rate,2010-10,2010-10-31,M,5.2857132,2010-11-26,2026-10-01
unemployment_rate,2010-11,2010-11-30,M,5.1091626,2010-12-26,2026-10-01
unemployment_rate,2010-12,2010-12-31,M,4.8764733,2011-01-26,2026-10-01
unemployment_rate,2011-01,2011-01-31,M,5.0036784,2011-02-26,2026-10-01
unemployment_rate,2011-02,2011-02-28,M,4.9723327,2011-03-26,2026-10-01
unemployment_rate,2011-03,2011-03-31,M,4.9272726,2011-04-26,2026-10-01
unemployment_rate,2011-04,2011-04-30,M,4.9607917,2011-05-26,2026-10-01
unemployment_rate,2011-05,2011-05-31,M,5.01408,2011-06-26,2026-10-01
unemployment_rate,2011-06,2011-06-30,M,4.9170883,2011-07-26,2026-10-01
unemployment_rate,2011-07,2011-07-31,M,5.091958,2011-08-26,2026-10-01
unemployment_rate,2011-08,2011-08-31,M,5.2609775,2011-09-26,2026-10-01
unemployment_rate,2011-09,2011-09-30,M,5.2210942,2011-10-26,2026-10-01
unemployment_rate,2011-10,2011-10-31,M,5.1887994,2011-11-26,2026-10-01
unemployment_rate,2011-11,2011-11-30,M,5.2314392,2011-12-26,2026-10-01
unemployment_rate,2011-12,2011-12-31,M,5.1966647,2012-01-26,2026-10-01
unemployment_rate,2012-01,2012-01-31,M,5.0483187,2012-02-26,2026-10-01
unemployment_rate,2012-02,2012-02-29,M,5.1924267,2012-03-26,2026-10-01
unemployment_rate,2012-03,2012-03-31,M,5.1844303,2012-04-26,2026-10-01
unemployment_rate,2012-04,2012-04-30,M,4.996296,2012-05-26,2026-10-01
unemployment_rate,2012-05,2012-05-31,M,5.2016929,2012-06-26,2026-10-01
unemployment_rate,2012-06,2012-06-30,M,5.163405,2012-07-26,2026-10-01
unemployment_rate,2012-07,2012-07-31,M,5.1812454,2012-08-26,2026-10-01
unemployment_rate,2012-08,2012-08-31,M,5.1452769,2012-09-26,2026-10-01
unemployment_rate,2012-09,2012-09-30,M,5.4880438,2012-10-26,2026-10-01
unemployment_rate,2012-10,2012-10-31,M,5.4120077,2012-11-26,2026-10-01
unemployment_rate,2012-11,2012-11-30,M,5.2574797,2012-12-26,2026-10-01
unemployment_rate,2012-12,2012-12-31,M,5.4326442,2013-01-26,2026-10-01
unemployment_rate,2013-01,2013-01-31,M,5.3902105,2013-02-26,2026-10-01
unemployment_rate,2013-02,2013-02-28,M,5.3953343,2013-03-26,2026-10-01
unemployment_rate,2013-03,2013-03-31,M,5.6422001,2013-04-26,2026-10-01
unemployment_rate,2013-04,2013-04-30,M,5.5909809,2013-05-26,2026-10-01
unemployment_rate,2013-05,2013-05-31,M,5.6113197,2013-06-26,2026-10-01
unemployment_rate,2013-06,2013-06-30,M,5.6969629,2013-07-26,2026-10-01
unemployment_rate,2013-07,2013-07-31,M,5.6342924,2013-08-26,2026-10-01
unemployment_rate,2013-08,2013-08-31,M,5.8255736,2013-09-26,2026-10-01
unemployment_rate,2013-09,2013-09-30,M,5.7065107,2013-10-26,2026-10-01
unemployment_rate,2013-10,2013-10-31,M,5.8249022,2013-11-26,2026-10-01
unemployment_rate,2013-11,2013-11-30,M,5.7975506,2013-12-26,2026-10-01
unemployment_rate,2013-12,2013-12-31,M,5.9015061,2014-01-26,2026-10-01
unemployment_rate,2014-01,2014-01-31,M,5.9480542,2014-02-26,2026-10-01
unemployment_rate,2014-02,2014-02-28,M,5.8780012,2014-03-26,2026-10-01
unemployment_rate,2014-03,2014-03-31,M,5.877451,2014-04-26,2026-10-01
unemployment_rate,2014-04,2014-04-30,M,5.8070442,2014-05-26,2026-10-01
unemployment_rate,2014-05,2014-05-31,M,5.9320345,2014-06-26,2026-10-01
unemployment_rate,2014-06,2014-06-30,M,6.0517722,2014-07-26,2026-10-01
unemployment_rate,2014-07,2014-07-31,M,6.175513,2014-08-26,2026-10-01
unemployment_rate,2014-08,2014-08-31,M,6.1088718,2014-09-26,2026-10-01
unemployment_rate,2014-09,2014-09-30,M,6.239795,2014-10-26,2026-10-01
unemployment_rate,2014-10,2014-10-31,M,6.3601232,2014-11-26,2026-10-01
unemployment_rate,2014-11,2014-11-30,M,6.298674,2014-12-26,2026-10-01
unemployment_rate,2014-12,2014-12-31,M,6.1073033,2015-01-26,2026-10-01
unemployment_rate,2015-01,2015-01-31,M,6.3529982,2015-02-26,2026-10-01
unemployment_rate,2015-02,2015-02-28,M,6.1557268,2015-03-26,2026-10-01
unemployment_rate,2015-03,2015-03-31,M,6.1062384,2015-04-26,2026-10-01
unemployment_rate,2015-04,2015-04-30,M,6.1157947,2015-05-26,2026-10-01
unemployment_rate,2015-05,2015-05-31,M,5.9338706,2015-06-26,2026-10-01
unemployment_rate,2015-06,2015-06-30,M,6.0121362,2015-07-26,2026-10-01
unemployment_rate,2015-07,2015-07-31,M,6.2780545,2015-08-26,2026-10-01
unemployment_rate,2015-08,2015-08-31,M,6.1137964,2015-09-26,2026-10-01
unemployment_rate,2015-09,2015-09-30,M,6.1775186,2015-10-26,2026-10-01
unemployment_rate,2015-10,2015-10-31,M,5.9148093,2015-11-26,2026-10-01
unemployment_rate,2015-11,2015-11-30,M,5.852641,2015-12-26,2026-10-01
unemployment_rate,2015-12,2015-12-31,M,5.7428961,2016-01-26,2026-10-01
unemployment_rate,2016-01,2016-01-31,M,6.0426949,2016-02-26,2026-10-01
unemployment_rate,2016-02,2016-02-29,M,5.6968841,2016-03-26,2026-10-01
unemployment_rate,2016-03,2016-03-31,M,5.6564838,2016-04-26,2026-10-01
unemployment_rate,2016-04,2016-04-30,M,5.6489323,2016-05-26,2026-10-01
unemployment_rate,2016-05,2016-05-31,M,5.7249374,2016-06-26,2026-10-01
unemployment_rate,2016-06,2016-06-30,M,5.7004316,2016-07-26,2026-10-01
unemployment_rate,2016-07,2016-07-31,M,5.6977106,2016-08-26,2026-10-01
unemployment_rate,2016-08,2016-08-31,M,5.633788,2016-09-26,2026-10-01
unemployment_rate,2016-09,2016-09-30,M,5.6681002,2016-10-26,2026-10-01
unemployment_rate,2016-10,2016-10-31,M,5.5990383,2016-11-26,2026-10-01
unemployment_rate,2016-11,2016-11-30,M,5.7696731,2016-12-26,2026-10-01
unemployment_rate,2016-12,2016-12-31,M,5.8387519,2017-01-26,2026-10-01
unemployment_rate,2017-01,2017-01-31,M,5.6854649,2017-02-26,2026-10-01
unemployment_rate,2017-02,2017-02-28,M,5.8961882,2017-03-26,2026-10-01
unemployment_rate,2017-03,2017-03-31,M,5.849489,2017-04-26,2026-10-01
unemployment_rate,2017-04,2017-04-30,M,5.6132986,2017-05-26,2026-10-01
unemployment_rate,2017-05,2017-05-31,M,5.551484,2017-06-26,2026-10-01
unemployment_rate,2017-06,2017-06-30,M,5.6287294,2017-07-26,2026-10-01
unemployment_rate,2017-07,2017-07-31,M,5.6107896,2017-08-26,2026-10-01
unemployment_rate,2017-08,2017-08-31,M,5.5443624,2017-09-26,2026-10-01
unemployment_rate,2017-09,2017-09-30,M,5.4661111,2017-10-26,2026-10-01
unemployment_rate,2017-10,2017-10-31,M,5.4053646,2017-11-26,2026-10-01
unemployment_rate,2017-11,2017-11-30,M,5.4567418,2017-12-26,2026-10-01
unemployment_rate,2017-12,2017-12-31,M,5.6194266,2018-01-26,2026-10-01
unemployment_rate,2018-01,2018-01-31,M,5.5258994,2018-02-26,2026-10-01
unemployment_rate,2018-02,2018-02-28,M,5.5846841,2018-03-26,2026-10-01
unemployment_rate,2018-03,2018-03-31,M,5.5340781,2018-04-26,2026-10-01
unemployment_rate,2018-04,2018-04-30,M,5.5500142,2018-05-26,2026-10-01
unemployment_rate,2018-05,2018-05-31,M,5.4415528,2018-06-26,2026-10-01
unemployment_rate,2018-06,2018-06-30,M,5.3491695,2018-07-26,2026-10-01
unemployment_rate,2018-07,2018-07-31,M,5.3007045,2018-08-26,2026-10-01
unemployment_rate,2018-08,2018-08-31,M,5.2525115,2018-09-26,2026-10-01
unemployment_rate,2018-09,2018-09-30,M,5.0202554,2018-10-26,2026-10-01
unemployment_rate,2018-10,2018-10-31,M,5.0027611,2018-11-26,2026-10-01
unemployment_rate,2018-11,2018-11-30,M,5.1112684,2018-12-26,2026-10-01
unemployment_rate,2018-12,2018-12-31,M,5.0205575,2019-01-26,2026-10-01
unemployment_rate,2019-01,2019-01-31,M,5.0512333,2019-02-26,2026-10-01
unemployment_rate,2019-02,2019-02-28,M,4.9958663,2019-03-26,2026-10-01
unemployment_rate,2019-03,2019-03-31,M,5.0931053,2019-04-26,2026-10-01
unemployment_rate,2019-04,2019-04-30,M,5.2250563,2019-05-26,2026-10-01
unemployment_rate,2019-05,2019-05-31,M,5.2033614,2019-06-26,2026-10-01
unemployment_rate,2019-06,2019-06-30,M,5.2680597,2019-07-26,2026-10-01
unemployment_rate,2019-07,2019-07-31,M,5.2826762,2019-08-26,2026-10-01
unemployment_rate,2019-08,2019-08-31,M,5.2625826,2019-09-26,2026-10-01
unemployment_rate,2019-09,2019-09-30,M,5.2269487,2019-10-26,2026-10-01
unemployment_rate,2019-10,2019-10-31,M,5.3022694,2019-11-26,2026-10-01
unemployment_rate,2019-11,2019-11-30,M,5.1742276,2019-12-26,2026-10-01
unemployment_rate,2019-12,2019-12-31,M,5.0421081,2020-01-26,2026-10-01
unemployment_rate,2020-01,2020-01-31,M,5.2506949,2020-02-26,2026-10-01
unemployment_rate,2020-02,2020-02-29,M,5.1163343,2020-03-26,2026-10-01
unemployment_rate,2020-03,2020-03-31,M,5.2038362,2020-04-26,2026-10-01
unemployment_rate,2020-04,2020-04-30,M,6.309213,2020-05-26,2026-10-01
unemployment_rate,2020-05,2020-05-31,M,7.0011506,2020-06-26,2026-10-01
unemployment_rate,2020-06,2020-06-30,M,7.4389218,2020-07-26,2026-10-01
unemployment_rate,2020-07,2020-07-31,M,7.4468382,2020-08-26,2026-10-01
unemployment_rate,2020-08,2020-08-31,M,6.7934553,2020-09-26,2026-10-01
unemployment_rate,2020-09,2020-09-30,M,6.9219191,2020-10-26,2026-10-01
unemployment_rate,2020-10,2020-10-31,M,6.9468553,2020-11-26,2026-10-01
unemployment_rate,2020-11,2020-11-30,M,6.8122554,2020-12-26,2026-10-01
unemployment_rate,2020-12,2020-12-31,M,6.5628641,2021-01-26,2026-10-01
unemployment_rate,2021-01,2021-01-31,M,6.2785589,2021-02-26,2026-10-01
unemployment_rate,2021-02,2021-02-28,M,5.8509291,2021-03-26,2026-10-01
unemployment_rate,2021-03,2021-03-31,M,5.6810535,2021-04-26,2026-10-01
unemployment_rate,2021-04,2021-04-30,M,5.4728895,2021-05-26,2026-10-01
unemployment_rate,2021-05,2021-05-31,M,5.1224202,2021-06-26,2026-10-01
unemployment_rate,2021-06,2021-06-30,M,5.0377436,2021-07-26,2026-10-01
unemployment_rate,2021-07,2021-07-31,M,4.7334892,2021-08-26,2026-10-01
unemployment_rate,2021-08,2021-08-31,M,4.5680617,2021-09-26,2026-10-01
unemployment_rate,2021-09,2021-09-30,M,4.6972966,2021-10-26,2026-10-01
unemployment_rate,2021-10,2021-10-31,M,5.2329297,2021-11-26,2026-10-01
unemployment_rate,2021-11,2021-11-30,M,4.6337315,2021-12-26,2026-10-01
unemployment_rate,2021-12,2021-12-31,M,4.2125841,2022-01-26,2026-10-01
unemployment_rate,2022-01,2022-01-31,M,4.1682933,2022-02-26,2026-10-01
unemployment_rate,2022-02,2022-02-28,M,4.0345007,2022-03-26,2026-10-01
unemployment_rate,2022-03,2022-03-31,M,3.9898077,2022-04-26,2026-10-01
unemployment_rate,2022-04,2022-04-30,M,3.8579553,2022-05-26,2026-10-01
unemployment_rate,2022-05,2022-05-31,M,3.950222,2022-06-26,2026-10-01
unemployment_rate,2022-06,2022-06-30,M,3.6177532,2022-07-26,2026-10-01
unemployment_rate,2022-07,2022-07-31,M,3.4579436,2022-08-26,2026-10-01
unemployment_rate,2022-08,2022-08-31,M,3.5182851,2022-09-26,2026-10-01
unemployment_rate,2022-09,2022-09-30,M,3.5919535,2022-10-26,2026-10-01
unemployment_rate,2022-10,2022-10-31,M,3.4328091,2022-11-26,2026-10-01
unemployment_rate,2022-11,2022-11-30,M,3.516028,2022-12-26,2026-10-01
unemployment_rate,2022-12,2022-12-31,M,3.5285913,2023-01-26,2026-10-01
unemployment_rate,2023-01,2023-01-31,M,3.6637438,2023-02-26,2026-10-01
unemployment_rate,2023-02,2023-02-28,M,3.6133385,2023-03-26,2026-10-01
unemployment_rate,2023-03,2023-03-31,M,3.6020242,2023-04-26,2026-10-01
unemployment_rate,2023-04,2023-04-30,M,3.7108867,2023-05-26,2026-10-01
unemployment_rate,2023-05,2023-05-31,M,3.5987776,2023-06-26,2026-10-01
unemployment_rate,2023-06,2023-06-30,M,3.5322865,2023-07-26,2026-10-01
unemployment_rate,2023-07,2023-07-31,M,3.7284537,2023-08-26,2026-10-01
unemployment_rate,2023-08,2023-08-31,M,3.66386,2023-09-26,2026-10-01
unemployment_rate,2023-09,2023-09-30,M,3.5501166,2023-10-26,2026-10-01
unemployment_rate,2023-10,2023-10-31,M,3.7736327,2023-11-26,2026-10-01
unemployment_rate,2023-11,2023-11-30,M,3.9312522,2023-12-26,2026-10-01
unemployment_rate,2023-12,2023-12-31,M,3.9894317,2024-01-26,2026-10-01
unemployment_rate,2024-01,2024-01-31,M,4.0953764,2024-02-26,2026-10-01
unemployment_rate,2024-02,2024-02-29,M,3.7442068,2024-03-26,2026-10-01
unemployment_rate,2024-03,2024-03-31,M,3.9066159,2024-04-26,2026-10-01
unemployment_rate,2024-04,2024-04-30,M,4.0901168,2024-05-26,2026-10-01
unemployment_rate,2024-05,2024-05-31,M,4.0155375,2024-06-26,2026-10-01
unemployment_rate,2024-06,2024-06-30,M,4.0506912,2024-07-26,2026-10-01
unemployment_rate,2024-07,2024-07-31,M,4.2135839,2024-08-26,2026-10-01
unemployment_rate,2024-08,2024-08-31,M,4.1057774,2024-09-26,2026-10-01
unemployment_rate,2024-09,2024-09-30,M,4.0026985,2024-10-26,2026-10-01
unemployment_rate,2024-10,2024-10-31,M,4.0847099,2024-11-26,2026-10-01
unemployment_rate,2024-11,2024-11-30,M,3.934666,2024-12-26,2026-10-01
unemployment_rate,2024-12,2024-12-31,M,3.9998421,2025-01-26,2026-10-01
unemployment_rate,2025-01,2025-01-31,M,4.1296357,2025-02-26,2026-10-01
unemployment_rate,2025-02,2025-02-28,M,4.0757709,2025-03-26,2026-10-01
unemployment_rate,2025-03,2025-03-31,M,4.0854379,2025-04-26,2026-10-01
unemployment_rate,2025-04,2025-04-30,M,4.0629947,2025-05-26,2026-10-01
unemployment_rate,2025-05,2025-05-31,M,4.1119101,2025-06-26,2026-10-01
unemployment_rate,2025-06,2025-06-30,M,4.3388707,2025-07-26,2026-10-01
unemployment_rate,2025-07,2025-07-31,M,4.2597601,2025-08-26,2026-10-01
unemployment_rate,2025-08,2025-08-31,M,4.2183157,2025-09-26,2026-10-01
unemployment_rate,2025-09,2025-09-30,M,4.4237777,2025-10-26,2026-10-01
unemployment_rate,2025-10,2025-10-31,M,4.3217085,2025-11-26,2026-10-01
unemployment_rate,2025-11,2025-11-30,M,4.3172446,2025-12-26,2026-10-01
unemployment_rate,2025-12,2025-12-31,M,4.1171093,2026-01-26,2026-10-01
unemployment_rate,2026-01,2026-01-31,M,4.0831244,2026-02-26,2026-10-01
unemployment_rate,2026-02,2026-02-28,M,4.3073547,2026-03-26,2026-10-01
unemployment_rate,2026-03,2026-03-31,M,4.2907264,2026-04-26,2026-10-01
unemployment_rate,2026-04,2026-04-30,M,4.5001238,2026-05-26,2026-10-01
unemployment_rate,2026-05,2026-05-31,M,4.3924093,2026-06-26,2026-10-01
unemployment_rate,2026-06,2026-06-30,M,4.4499724,2026-07-26,2026-10-01
unemployment_rate,2026-07,2026-07-31,M,4.4844761,2026-08-26,2026-10-01
unemployment_rate,2026-08,2026-08-31,M,4.6462961,2026-09-26,2026-10-01
